{
  "total_ms": 12.9492,
  "timings": {
    "build_elevation_cache": {
      "count": 1,
      "total_ms": 0.903,
      "avg_ms": 0.903,
      "max_ms": 0.903
    },
    "build_elevation_cache.frame_states": {
      "count": 1,
      "total_ms": 0.0701,
      "avg_ms": 0.0701,
      "max_ms": 0.0701
    },
    "build_elevation_cache.geometry": {
      "count": 1,
      "total_ms": 0.8170000000000001,
      "avg_ms": 0.8170000000000001,
      "max_ms": 0.8170000000000001
    },
    "build_route_cache": {
      "count": 1,
      "total_ms": 2.132,
      "avg_ms": 2.132,
      "max_ms": 2.132
    },
    "build_route_cache.frame_states": {
      "count": 1,
      "total_ms": 0.0557,
      "avg_ms": 0.0557,
      "max_ms": 0.0557
    },
    "build_route_cache.geometry": {
      "count": 1,
      "total_ms": 2.0528999999999997,
      "avg_ms": 2.0528999999999997,
      "max_ms": 2.0528999999999997
    },
    "create_base_image": {
      "count": 2,
      "total_ms": 0.08349999999999999,
      "avg_ms": 0.041749999999999995,
      "max_ms": 0.0813
    },
    "prepare.surface.clear": {
      "alt_name": "surface.clear",
      "count": 1,
      "total_ms": 5.1684,
      "avg_ms": 5.1684,
      "max_ms": 5.1684
    },
    "prepare_render_assets.total": {
      "count": 1,
      "total_ms": 9.3662,
      "avg_ms": 9.3662,
      "max_ms": 9.3662
    },
    "text.static.cache": {
      "count": 2,
      "total_ms": 4.328600000000001,
      "avg_ms": 2.1643000000000003,
      "max_ms": 4.073300000000001
    }
  },
  "label_cache_status": "miss"
}