{
  "total_ms": 23.054399999999998,
  "timings": {
    "build_elevation_cache": {
      "count": 1,
      "total_ms": 2.8402000000000003,
      "avg_ms": 2.8402000000000003,
      "max_ms": 2.8402000000000003
    },
    "build_elevation_cache.frame_states": {
      "count": 1,
      "total_ms": 0.14479999999999998,
      "avg_ms": 0.14479999999999998,
      "max_ms": 0.14479999999999998
    },
    "build_elevation_cache.geometry": {
      "count": 1,
      "total_ms": 2.6835,
      "avg_ms": 2.6835,
      "max_ms": 2.6835
    },
    "build_route_cache": {
      "count": 1,
      "total_ms": 3.4067,
      "avg_ms": 3.4067,
      "max_ms": 3.4067
    },
    "build_route_cache.frame_states": {
      "count": 1,
      "total_ms": 0.09040000000000001,
      "avg_ms": 0.09040000000000001,
      "max_ms": 0.09040000000000001
    },
    "build_route_cache.geometry": {
      "count": 1,
      "total_ms": 3.3035,
      "avg_ms": 3.3035,
      "max_ms": 3.3035
    },
    "create_base_image": {
      "count": 2,
      "total_ms": 0.028900000000000002,
      "avg_ms": 0.014450000000000001,
      "max_ms": 0.0222
    },
    "prepare.surface.clear": {
      "alt_name": "surface.clear",
      "count": 1,
      "total_ms": 7.6421,
      "avg_ms": 7.6421,
      "max_ms": 7.6421
    },
    "prepare_render_assets.total": {
      "count": 1,
      "total_ms": 8.9665,
      "avg_ms": 8.9665,
      "max_ms": 8.9665
    },
    "text.static.cache": {
      "count": 2,
      "total_ms": 8.8325,
      "avg_ms": 4.41625,
      "max_ms": 7.5566
    }
  },
  "label_cache_status": "miss"
}