{
  "frame_count": 1,
  "seconds": [
    600
  ],
  "total_ms_sum": 462.42780000000005,
  "total_ms_avg": 462.42780000000005,
  "total_ms_min": 462.42780000000005,
  "total_ms_max": 462.42780000000005,
  "surface_ms_avg": 3.6051,
  "label_layer_ms_avg": 4.037,
  "value_draw_ms_avg": 11.3113,
  "png_write_ms_avg": 262.65860000000004,
  "prepare_timings_avg": {
    "build_elevation_cache": {
      "count": 1,
      "total_ms": 12.767199999999999,
      "avg_ms": 12.767199999999999,
      "max_ms": 12.767199999999999
    },
    "build_elevation_cache.frame_states": {
      "count": 1,
      "total_ms": 10.198799999999999,
      "avg_ms": 10.198799999999999,
      "max_ms": 10.198799999999999
    },
    "build_elevation_cache.geometry": {
      "count": 1,
      "total_ms": 2.1031,
      "avg_ms": 2.1031,
      "max_ms": 2.1031
    },
    "build_route_cache": {
      "count": 1,
      "total_ms": 9.8585,
      "avg_ms": 9.8585,
      "max_ms": 9.8585
    },
    "build_route_cache.frame_states": {
      "count": 1,
      "total_ms": 7.873,
      "avg_ms": 7.873,
      "max_ms": 7.873
    },
    "build_route_cache.geometry": {
      "count": 1,
      "total_ms": 1.5437999999999998,
      "avg_ms": 1.5437999999999998,
      "max_ms": 1.5437999999999998
    },
    "create_base_image": {
      "count": 1,
      "total_ms": 1.892,
      "avg_ms": 1.892,
      "max_ms": 1.887
    },
    "prepare.surface.clear": {
      "count": 1,
      "total_ms": 9.0765,
      "avg_ms": 9.0765,
      "max_ms": 9.0765
    },
    "prepare_render_assets.total": {
      "count": 1,
      "total_ms": 146.60750000000002,
      "avg_ms": 146.60750000000002,
      "max_ms": 146.60750000000002
    },
    "text.static.cache": {
      "count": 1,
      "total_ms": 143.70669999999998,
      "avg_ms": 143.70669999999998,
      "max_ms": 135.416
    }
  },
  "frame_timings_avg": {
    "base.restore": {
      "count": 1,
      "total_ms": 4.037,
      "avg_ms": 4.037,
      "max_ms": 4.037
    },
    "composite.elevation": {
      "count": 1,
      "total_ms": 1.4813,
      "avg_ms": 1.4813,
      "max_ms": 1.4813
    },
    "composite.route": {
      "count": 1,
      "total_ms": 0.49989999999999996,
      "avg_ms": 0.49989999999999996,
      "max_ms": 0.49989999999999996
    },
    "frame.draw": {
      "count": 1,
      "total_ms": 17.5673,
      "avg_ms": 17.5673,
      "max_ms": 17.5673
    },
    "text.dynamic": {
      "count": 1,
      "total_ms": 11.3113,
      "avg_ms": 11.3113,
      "max_ms": 11.3113
    },
    "text.elevation_label": {
      "count": 1,
      "total_ms": 0.211,
      "avg_ms": 0.211,
      "max_ms": 0.211
    }
  },
  "preview_only_timings_avg": {
    "preview.png_write": {
      "count": 1,
      "total_ms": 262.65860000000004,
      "avg_ms": 262.65860000000004,
      "max_ms": 262.65860000000004
    },
    "preview.surface.create_clear": {
      "count": 1,
      "total_ms": 3.6051,
      "avg_ms": 3.6051,
      "max_ms": 3.6051
    }
  },
  "reports": [
    {
      "second": 600,
      "frame_index": 18000,
      "width": 3840,
      "height": 2160,
      "total_ms": 462.42780000000005,
      "surface_ms": 3.6051,
      "label_layer_ms": 4.037,
      "value_draw_ms": 11.3113,
      "png_write_ms": 262.65860000000004,
      "value_count": 7,
      "label_count": 1,
      "label_cache_status": "miss",
      "route_widget": {
        "geometry": {
          "point_count": 164,
          "source_point_count": 4913,
          "simplification": "lttb_density_1.00_rdp_px_1.00",
          "bbox": [
            0.0,
            0.0,
            814.0,
            642.0
          ],
          "widget_width": 814,
          "widget_height": 642,
          "rotation_deg": 0.0
        },
        "frame": {
          "progress01": 0.111588,
          "marker_x": 239.13855,
          "marker_y": 99.37435,
          "marker_abs_x": 3171.1387,
          "marker_abs_y": 1292.3744
        }
      },
      "elevation_widget": {
        "geometry": {
          "point_count": 421,
          "source_point_count": 4913,
          "simplification": "sg11_density_0.75_rdp_px_1.00",
          "bbox": [
            0.0,
            0.0,
            3588.0,
            286.0
          ],
          "widget_width": 3588,
          "widget_height": 286,
          "rotation_deg": 0.0
        },
        "frame": {
          "progress01": 0.111588,
          "marker_x": 400.37775,
          "marker_y": 205.54796,
          "marker_abs_x": 533.37775,
          "marker_abs_y": 2021.548
        }
      },
      "prepare_timings": {
        "build_elevation_cache": {
          "count": 1,
          "total_ms": 12.767199999999999,
          "avg_ms": 12.767199999999999,
          "max_ms": 12.767199999999999
        },
        "build_elevation_cache.frame_states": {
          "count": 1,
          "total_ms": 10.198799999999999,
          "avg_ms": 10.198799999999999,
          "max_ms": 10.198799999999999
        },
        "build_elevation_cache.geometry": {
          "count": 1,
          "total_ms": 2.1031,
          "avg_ms": 2.1031,
          "max_ms": 2.1031
        },
        "build_route_cache": {
          "count": 1,
          "total_ms": 9.8585,
          "avg_ms": 9.8585,
          "max_ms": 9.8585
        },
        "build_route_cache.frame_states": {
          "count": 1,
          "total_ms": 7.873,
          "avg_ms": 7.873,
          "max_ms": 7.873
        },
        "build_route_cache.geometry": {
          "count": 1,
          "total_ms": 1.5437999999999998,
          "avg_ms": 1.5437999999999998,
          "max_ms": 1.5437999999999998
        },
        "create_base_image": {
          "count": 2,
          "total_ms": 1.892,
          "avg_ms": 0.946,
          "max_ms": 1.887
        },
        "prepare.surface.clear": {
          "alt_name": "surface.clear",
          "count": 1,
          "total_ms": 9.0765,
          "avg_ms": 9.0765,
          "max_ms": 9.0765
        },
        "prepare_render_assets.total": {
          "count": 1,
          "total_ms": 146.60750000000002,
          "avg_ms": 146.60750000000002,
          "max_ms": 146.60750000000002
        },
        "text.static.cache": {
          "count": 2,
          "total_ms": 143.70669999999998,
          "avg_ms": 71.85334999999999,
          "max_ms": 135.416
        }
      },
      "frame_timings": {
        "base.restore": {
          "alt_name": "base.copy",
          "count": 1,
          "total_ms": 4.037,
          "avg_ms": 4.037,
          "max_ms": 4.037
        },
        "composite.elevation": {
          "count": 1,
          "total_ms": 1.4813,
          "avg_ms": 1.4813,
          "max_ms": 1.4813
        },
        "composite.route": {
          "count": 1,
          "total_ms": 0.49989999999999996,
          "avg_ms": 0.49989999999999996,
          "max_ms": 0.49989999999999996
        },
        "frame.draw": {
          "count": 1,
          "total_ms": 17.5673,
          "avg_ms": 17.5673,
          "max_ms": 17.5673
        },
        "text.dynamic": {
          "count": 1,
          "total_ms": 11.3113,
          "avg_ms": 11.3113,
          "max_ms": 11.3113
        },
        "text.elevation_label": {
          "count": 1,
          "total_ms": 0.211,
          "avg_ms": 0.211,
          "max_ms": 0.211
        }
      },
      "preview_only_timings": {
        "preview.png_write": {
          "alt_name": "png.write",
          "count": 1,
          "total_ms": 262.65860000000004,
          "avg_ms": 262.65860000000004,
          "max_ms": 262.65860000000004
        },
        "preview.surface.create_clear": {
          "alt_name": "surface.clear",
          "count": 1,
          "total_ms": 3.6051,
          "avg_ms": 3.6051,
          "max_ms": 3.6051
        }
      }
    }
  ]
}