{
  "frame_count": 1,
  "seconds": [
    600
  ],
  "total_ms_sum": 462.3487,
  "total_ms_avg": 462.3487,
  "total_ms_min": 462.3487,
  "total_ms_max": 462.3487,
  "surface_ms_avg": 3.9095,
  "label_layer_ms_avg": 4.490799999999999,
  "value_draw_ms_avg": 10.7309,
  "png_write_ms_avg": 261.1856,
  "prepare_timings_avg": {
    "build_elevation_cache": {
      "count": 1,
      "total_ms": 15.869000000000002,
      "avg_ms": 15.869000000000002,
      "max_ms": 15.869000000000002
    },
    "build_elevation_cache.frame_states": {
      "count": 1,
      "total_ms": 12.8199,
      "avg_ms": 12.8199,
      "max_ms": 12.8199
    },
    "build_elevation_cache.geometry": {
      "count": 1,
      "total_ms": 2.7935999999999996,
      "avg_ms": 2.7935999999999996,
      "max_ms": 2.7935999999999996
    },
    "build_route_cache": {
      "count": 1,
      "total_ms": 9.617,
      "avg_ms": 9.617,
      "max_ms": 9.617
    },
    "build_route_cache.frame_states": {
      "count": 1,
      "total_ms": 8.2586,
      "avg_ms": 8.2586,
      "max_ms": 8.2586
    },
    "build_route_cache.geometry": {
      "count": 1,
      "total_ms": 0.9152,
      "avg_ms": 0.9152,
      "max_ms": 0.9152
    },
    "create_base_image": {
      "count": 1,
      "total_ms": 0.0393,
      "avg_ms": 0.0393,
      "max_ms": 0.030800000000000004
    },
    "prepare.surface.clear": {
      "count": 1,
      "total_ms": 4.651,
      "avg_ms": 4.651,
      "max_ms": 4.651
    },
    "prepare_render_assets.total": {
      "count": 1,
      "total_ms": 144.4882,
      "avg_ms": 144.4882,
      "max_ms": 144.4882
    },
    "text.static.cache": {
      "count": 1,
      "total_ms": 147.38530000000003,
      "avg_ms": 147.38530000000003,
      "max_ms": 139.74970000000002
    }
  },
  "frame_timings_avg": {
    "base.restore": {
      "count": 1,
      "total_ms": 4.490799999999999,
      "avg_ms": 4.490799999999999,
      "max_ms": 4.490799999999999
    },
    "composite.elevation": {
      "count": 1,
      "total_ms": 1.4591999999999998,
      "avg_ms": 1.4591999999999998,
      "max_ms": 1.4591999999999998
    },
    "composite.route": {
      "count": 1,
      "total_ms": 0.5347999999999999,
      "avg_ms": 0.5347999999999999,
      "max_ms": 0.5347999999999999
    },
    "frame.draw": {
      "count": 1,
      "total_ms": 19.3324,
      "avg_ms": 19.3324,
      "max_ms": 19.3324
    },
    "text.dynamic": {
      "count": 1,
      "total_ms": 10.7309,
      "avg_ms": 10.7309,
      "max_ms": 10.7309
    },
    "text.elevation_label": {
      "count": 1,
      "total_ms": 2.0841000000000003,
      "avg_ms": 2.0841000000000003,
      "max_ms": 2.0841000000000003
    }
  },
  "preview_only_timings_avg": {
    "preview.png_write": {
      "count": 1,
      "total_ms": 261.1856,
      "avg_ms": 261.1856,
      "max_ms": 261.1856
    },
    "preview.surface.create_clear": {
      "count": 1,
      "total_ms": 3.9095,
      "avg_ms": 3.9095,
      "max_ms": 3.9095
    }
  },
  "reports": [
    {
      "second": 600,
      "frame_index": 18000,
      "width": 3840,
      "height": 2160,
      "total_ms": 462.3487,
      "surface_ms": 3.9095,
      "label_layer_ms": 4.490799999999999,
      "value_draw_ms": 10.7309,
      "png_write_ms": 261.1856,
      "value_count": 7,
      "label_count": 1,
      "label_cache_status": "miss",
      "route_widget": {
        "geometry": {
          "point_count": 164,
          "source_point_count": 4913,
          "simplification": "lttb_density_1.00_rdp_px_1.00",
          "bbox": [
            0.0,
            0.0,
            814.0,
            642.0
          ],
          "widget_width": 814,
          "widget_height": 642,
          "rotation_deg": 0.0
        },
        "frame": {
          "progress01": 0.111588,
          "marker_x": 239.13855,
          "marker_y": 99.37435,
          "marker_abs_x": 3171.1387,
          "marker_abs_y": 1292.3744
        }
      },
      "elevation_widget": {
        "geometry": {
          "point_count": 421,
          "source_point_count": 4913,
          "simplification": "sg11_density_0.75_rdp_px_1.00",
          "bbox": [
            0.0,
            0.0,
            3588.0,
            286.0
          ],
          "widget_width": 3588,
          "widget_height": 286,
          "rotation_deg": 0.0
        },
        "frame": {
          "progress01": 0.111588,
          "marker_x": 400.37775,
          "marker_y": 205.54796,
          "marker_abs_x": 533.37775,
          "marker_abs_y": 2021.548
        }
      },
      "prepare_timings": {
        "build_elevation_cache": {
          "count": 1,
          "total_ms": 15.869000000000002,
          "avg_ms": 15.869000000000002,
          "max_ms": 15.869000000000002
        },
        "build_elevation_cache.frame_states": {
          "count": 1,
          "total_ms": 12.8199,
          "avg_ms": 12.8199,
          "max_ms": 12.8199
        },
        "build_elevation_cache.geometry": {
          "count": 1,
          "total_ms": 2.7935999999999996,
          "avg_ms": 2.7935999999999996,
          "max_ms": 2.7935999999999996
        },
        "build_route_cache": {
          "count": 1,
          "total_ms": 9.617,
          "avg_ms": 9.617,
          "max_ms": 9.617
        },
        "build_route_cache.frame_states": {
          "count": 1,
          "total_ms": 8.2586,
          "avg_ms": 8.2586,
          "max_ms": 8.2586
        },
        "build_route_cache.geometry": {
          "count": 1,
          "total_ms": 0.9152,
          "avg_ms": 0.9152,
          "max_ms": 0.9152
        },
        "create_base_image": {
          "count": 2,
          "total_ms": 0.0393,
          "avg_ms": 0.01965,
          "max_ms": 0.030800000000000004
        },
        "prepare.surface.clear": {
          "alt_name": "surface.clear",
          "count": 1,
          "total_ms": 4.651,
          "avg_ms": 4.651,
          "max_ms": 4.651
        },
        "prepare_render_assets.total": {
          "count": 1,
          "total_ms": 144.4882,
          "avg_ms": 144.4882,
          "max_ms": 144.4882
        },
        "text.static.cache": {
          "count": 2,
          "total_ms": 147.38530000000003,
          "avg_ms": 73.69265000000001,
          "max_ms": 139.74970000000002
        }
      },
      "frame_timings": {
        "base.restore": {
          "alt_name": "base.copy",
          "count": 1,
          "total_ms": 4.490799999999999,
          "avg_ms": 4.490799999999999,
          "max_ms": 4.490799999999999
        },
        "composite.elevation": {
          "count": 1,
          "total_ms": 1.4591999999999998,
          "avg_ms": 1.4591999999999998,
          "max_ms": 1.4591999999999998
        },
        "composite.route": {
          "count": 1,
          "total_ms": 0.5347999999999999,
          "avg_ms": 0.5347999999999999,
          "max_ms": 0.5347999999999999
        },
        "frame.draw": {
          "count": 1,
          "total_ms": 19.3324,
          "avg_ms": 19.3324,
          "max_ms": 19.3324
        },
        "text.dynamic": {
          "count": 1,
          "total_ms": 10.7309,
          "avg_ms": 10.7309,
          "max_ms": 10.7309
        },
        "text.elevation_label": {
          "count": 1,
          "total_ms": 2.0841000000000003,
          "avg_ms": 2.0841000000000003,
          "max_ms": 2.0841000000000003
        }
      },
      "preview_only_timings": {
        "preview.png_write": {
          "alt_name": "png.write",
          "count": 1,
          "total_ms": 261.1856,
          "avg_ms": 261.1856,
          "max_ms": 261.1856
        },
        "preview.surface.create_clear": {
          "alt_name": "surface.clear",
          "count": 1,
          "total_ms": 3.9095,
          "avg_ms": 3.9095,
          "max_ms": 3.9095
        }
      }
    }
  ]
}