{
  "second": 600,
  "frame_index": 0,
  "width": 3840,
  "height": 2160,
  "total_ms": 556.3272999999999,
  "surface_ms": 4.7753,
  "label_layer_ms": 291.7113,
  "value_draw_ms": 2.0439,
  "png_write_ms": 257.79449999999997,
  "value_count": 4,
  "label_count": 3,
  "label_cache_status": "miss"
}