{
  "phase": "encode_benchmark",
  "timestamp": "2026-04-25T03:22:12",
  "overlay_filename": "H:\\tools\\cyclemetry\\backend\\public\\encode_benchmark_1777080114.mov",
  "fps": 30.0,
  "width": 3840,
  "height": 2160,
  "total_frames": 900,
  "rendered_frames": 900,
  "total_time_taken": 18.857,
  "sample_frame_indices": [],
  "timings": {
    "buffer.acquire_wait": {
      "count": 900,
      "total_ms": 18568.4898,
      "avg_ms": 20.63165533333333,
      "max_ms": 65.13470000000001
    },
    "buffer.release_wait": {
      "count": 900,
      "total_ms": 4.0389000000000115,
      "avg_ms": 0.00448766666666668,
      "max_ms": 0.019
    },
    "encoder.queue_wait": {
      "count": 901,
      "total_ms": 0.5083,
      "avg_ms": 0.0005641509433962264,
      "max_ms": 0.0023
    },
    "ffmpeg.write": {
      "count": 900,
      "total_ms": 18674.92400000003,
      "avg_ms": 20.749915555555592,
      "max_ms": 48.241899999999994
    },
    "frame.total": {
      "count": 900,
      "total_ms": 18582.11040000001,
      "avg_ms": 20.64678933333334,
      "max_ms": 65.1442
    },
    "prepare.synthetic_buffers": {
      "count": 1,
      "total_ms": 21.928199999999997,
      "avg_ms": 21.928199999999997,
      "max_ms": 21.928199999999997
    },
    "queue.put_wait": {
      "count": 900,
      "total_ms": 10.507299999999834,
      "avg_ms": 0.011674777777777593,
      "max_ms": 10.2532
    }
  }
}