{
  "frame_count": 5,
  "seconds": [
    600,
    607,
    615,
    622,
    629
  ],
  "total_ms_sum": 478.2347,
  "total_ms_avg": 95.64694,
  "total_ms_min": 50.2629,
  "total_ms_max": 275.4493,
  "surface_ms_avg": 0.98712,
  "label_layer_ms_avg": 0.56118,
  "value_draw_ms_avg": 0.5314400000000001,
  "png_write_ms_avg": 44.8472,
  "prepare_timings_avg": {
    "build_elevation_cache": {
      "count": 1,
      "total_ms": 9.7789,
      "avg_ms": 9.7789,
      "max_ms": 9.7789
    },
    "build_elevation_cache.frame_states": {
      "count": 1,
      "total_ms": 8.0374,
      "avg_ms": 8.0374,
      "max_ms": 8.0374
    },
    "build_elevation_cache.geometry": {
      "count": 1,
      "total_ms": 1.7334,
      "avg_ms": 1.7334,
      "max_ms": 1.7334
    },
    "build_route_cache": {
      "count": 1,
      "total_ms": 10.594199999999999,
      "avg_ms": 10.594199999999999,
      "max_ms": 10.594199999999999
    },
    "build_route_cache.frame_states": {
      "count": 1,
      "total_ms": 6.482,
      "avg_ms": 6.482,
      "max_ms": 6.482
    },
    "build_route_cache.geometry": {
      "count": 1,
      "total_ms": 4.1033,
      "avg_ms": 4.1033,
      "max_ms": 4.1033
    },
    "create_base_image": {
      "count": 1,
      "total_ms": 0.0241,
      "avg_ms": 0.0241,
      "max_ms": 0.0241
    },
    "prepare.surface.clear": {
      "count": 1,
      "total_ms": 0.977,
      "avg_ms": 0.977,
      "max_ms": 0.977
    },
    "prepare_render_assets.total": {
      "count": 1,
      "total_ms": 201.6515,
      "avg_ms": 201.6515,
      "max_ms": 201.6515
    },
    "text.static.cache": {
      "count": 1,
      "total_ms": 200.63400000000001,
      "avg_ms": 200.63400000000001,
      "max_ms": 200.63400000000001
    }
  },
  "frame_timings_avg": {
    "base.restore": {
      "count": 5,
      "total_ms": 2.8059000000000003,
      "avg_ms": 0.56118,
      "max_ms": 0.6668000000000001
    },
    "composite.elevation": {
      "count": 5,
      "total_ms": 18.5348,
      "avg_ms": 3.70696,
      "max_ms": 3.7488
    },
    "composite.route": {
      "count": 5,
      "total_ms": 1.0159,
      "avg_ms": 0.20318,
      "max_ms": 0.2309
    },
    "frame.draw": {
      "count": 5,
      "total_ms": 26.7454,
      "avg_ms": 5.34908,
      "max_ms": 7.2595
    },
    "text.dynamic": {
      "count": 5,
      "total_ms": 2.6572000000000005,
      "avg_ms": 0.5314400000000001,
      "max_ms": 1.2094
    },
    "text.elevation_label": {
      "count": 5,
      "total_ms": 1.3712,
      "avg_ms": 0.27424,
      "max_ms": 1.3407
    }
  },
  "preview_only_timings_avg": {
    "preview.png_write": {
      "count": 5,
      "total_ms": 224.236,
      "avg_ms": 44.8472,
      "max_ms": 45.105199999999996
    },
    "preview.surface.create_clear": {
      "count": 5,
      "total_ms": 4.9356,
      "avg_ms": 0.98712,
      "max_ms": 1.0273
    }
  },
  "reports": [
    {
      "second": 600,
      "frame_index": 18000,
      "width": 1920,
      "height": 1080,
      "total_ms": 275.4493,
      "surface_ms": 0.9962000000000001,
      "label_layer_ms": 0.6668000000000001,
      "value_draw_ms": 1.2094,
      "png_write_ms": 44.994,
      "value_count": 7,
      "label_count": 1,
      "label_cache_status": "miss",
      "route_widget": {
        "geometry": {
          "point_count": 78,
          "bbox": [
            0.0,
            0.0,
            407.0,
            321.0
          ],
          "widget_width": 407,
          "widget_height": 321,
          "rotation_deg": 0.0
        },
        "frame": {
          "progress01": 0.4525052,
          "marker_x": 174.35939,
          "marker_y": 198.6491,
          "marker_abs_x": 1504.3594,
          "marker_abs_y": 704.6491
        }
      },
      "elevation_widget": {
        "geometry": {
          "point_count": 3586,
          "bbox": [
            0.0,
            0.0,
            1794.0,
            143.0
          ],
          "widget_width": 1794,
          "widget_height": 143,
          "rotation_deg": 0.0
        },
        "frame": {
          "progress01": 0.4525052,
          "marker_x": 811.7943,
          "marker_y": 106.62091,
          "marker_abs_x": 900.7943,
          "marker_abs_y": 1043.6208
        }
      },
      "prepare_timings": {
        "build_elevation_cache": {
          "count": 1,
          "total_ms": 9.7789,
          "avg_ms": 9.7789,
          "max_ms": 9.7789
        },
        "build_elevation_cache.frame_states": {
          "count": 1,
          "total_ms": 8.0374,
          "avg_ms": 8.0374,
          "max_ms": 8.0374
        },
        "build_elevation_cache.geometry": {
          "count": 1,
          "total_ms": 1.7334,
          "avg_ms": 1.7334,
          "max_ms": 1.7334
        },
        "build_route_cache": {
          "count": 1,
          "total_ms": 10.594199999999999,
          "avg_ms": 10.594199999999999,
          "max_ms": 10.594199999999999
        },
        "build_route_cache.frame_states": {
          "count": 1,
          "total_ms": 6.482,
          "avg_ms": 6.482,
          "max_ms": 6.482
        },
        "build_route_cache.geometry": {
          "count": 1,
          "total_ms": 4.1033,
          "avg_ms": 4.1033,
          "max_ms": 4.1033
        },
        "create_base_image": {
          "count": 1,
          "total_ms": 0.0241,
          "avg_ms": 0.0241,
          "max_ms": 0.0241
        },
        "prepare.surface.clear": {
          "alt_name": "surface.clear",
          "count": 1,
          "total_ms": 0.977,
          "avg_ms": 0.977,
          "max_ms": 0.977
        },
        "prepare_render_assets.total": {
          "count": 1,
          "total_ms": 201.6515,
          "avg_ms": 201.6515,
          "max_ms": 201.6515
        },
        "text.static.cache": {
          "count": 1,
          "total_ms": 200.63400000000001,
          "avg_ms": 200.63400000000001,
          "max_ms": 200.63400000000001
        }
      },
      "frame_timings": {
        "base.restore": {
          "alt_name": "base.copy",
          "count": 1,
          "total_ms": 0.6668000000000001,
          "avg_ms": 0.6668000000000001,
          "max_ms": 0.6668000000000001
        },
        "composite.elevation": {
          "count": 1,
          "total_ms": 3.7488,
          "avg_ms": 3.7488,
          "max_ms": 3.7488
        },
        "composite.route": {
          "count": 1,
          "total_ms": 0.2309,
          "avg_ms": 0.2309,
          "max_ms": 0.2309
        },
        "frame.draw": {
          "count": 1,
          "total_ms": 7.2595,
          "avg_ms": 7.2595,
          "max_ms": 7.2595
        },
        "text.dynamic": {
          "count": 1,
          "total_ms": 1.2094,
          "avg_ms": 1.2094,
          "max_ms": 1.2094
        },
        "text.elevation_label": {
          "count": 1,
          "total_ms": 1.3407,
          "avg_ms": 1.3407,
          "max_ms": 1.3407
        }
      },
      "preview_only_timings": {
        "preview.png_write": {
          "alt_name": "png.write",
          "count": 1,
          "total_ms": 44.994,
          "avg_ms": 44.994,
          "max_ms": 44.994
        },
        "preview.surface.create_clear": {
          "alt_name": "surface.clear",
          "count": 1,
          "total_ms": 0.9962000000000001,
          "avg_ms": 0.9962000000000001,
          "max_ms": 0.9962000000000001
        }
      }
    },
    {
      "second": 607,
      "frame_index": 18210,
      "width": 1920,
      "height": 1080,
      "total_ms": 50.4919,
      "surface_ms": 0.9859999999999999,
      "label_layer_ms": 0.6122000000000001,
      "value_draw_ms": 0.3942,
      "png_write_ms": 44.5125,
      "value_count": 7,
      "label_count": 1,
      "label_cache_status": "hit",
      "route_widget": {
        "geometry": {
          "point_count": 78,
          "bbox": [
            0.0,
            0.0,
            407.0,
            321.0
          ],
          "widget_width": 407,