{
  "phase": "phase_6",
  "timestamp": "2026-04-25T12:20:09",
  "overlay_filename": "H:\\tools\\cyclemetry\\backend\\public\\video_1777112356.mov",
  "fps": 30.0,
  "width": 3840,
  "height": 2160,
  "total_frames": 900,
  "rendered_frames": 900,
  "total_time_taken": 52.538,
  "sample_frame_indices": [],
  "timings": {
    "base.restore": {
      "count": 900,
      "total_ms": 2459.291399999998,
      "avg_ms": 2.7325459999999975,
      "max_ms": 10.832400000000002
    },
    "buffer.acquire_wait": {
      "count": 900,
      "total_ms": 0.7387000000000068,
      "avg_ms": 0.0008207777777777853,
      "max_ms": 0.0014
    },
    "buffer.release_wait": {
      "count": 900,
      "total_ms": 1.3609000000000027,
      "avg_ms": 0.001512111111111114,
      "max_ms": 0.0084
    },
    "composite.elevation": {
      "count": 900,
      "total_ms": 6434.7313,
      "avg_ms": 7.149701444444445,
      "max_ms": 13.3034
    },
    "composite.route": {
      "count": 900,
      "total_ms": 840.114700000001,
      "avg_ms": 0.9334607777777789,
      "max_ms": 1.6207
    },
    "encoder.queue_wait": {
      "count": 901,
      "total_ms": 47361.560699999965,
      "avg_ms": 52.56555016648165,
      "max_ms": 71.7485
    },
    "ffmpeg.write": {
      "count": 900,
      "total_ms": 5052.168699999994,
      "avg_ms": 5.6135207777777705,
      "max_ms": 7.6859
    },
    "frame.draw": {
      "count": 900,
      "total_ms": 49927.285599999974,
      "avg_ms": 55.47476177777775,
      "max_ms": 75.0421
    },
    "frame.total": {
      "count": 900,
      "total_ms": 52413.435199999985,
      "avg_ms": 58.237150222222205,
      "max_ms": 78.0965
    },
    "queue.put_wait": {
      "count": 900,
      "total_ms": 7.635199999999996,
      "avg_ms": 0.008483555555555551,
      "max_ms": 0.1053
    },
    "surface.create": {
      "count": 900,
      "total_ms": 4.943300000000003,
      "avg_ms": 0.0054925555555555595,
      "max_ms": 0.0198
    },
    "surface.restore": {
      "count": 900,
      "total_ms": 2459.291399999998,
      "avg_ms": 2.7325459999999975,
      "max_ms": 10.832400000000002
    },
    "text.dynamic": {
      "count": 900,
      "total_ms": 42602.834899999965,
      "avg_ms": 47.336483222222185,
      "max_ms": 66.1591
    }
  }
}