{
  "total_ms": 137.00809999999998,
  "timings": {
    "build_elevation_cache": {
      "count": 1,
      "total_ms": 0.8802,
      "avg_ms": 0.8802,
      "max_ms": 0.8802
    },
    "build_elevation_cache.frame_states": {
      "count": 1,
      "total_ms": 0.07050000000000001,
      "avg_ms": 0.07050000000000001,
      "max_ms": 0.07050000000000001
    },
    "build_elevation_cache.geometry": {
      "count": 1,
      "total_ms": 0.8009999999999999,
      "avg_ms": 0.8009999999999999,
      "max_ms": 0.8009999999999999
    },
    "build_route_cache": {
      "count": 1,
      "total_ms": 2.0035000000000003,
      "avg_ms": 2.0035000000000003,
      "max_ms": 2.0035000000000003
    },
    "build_route_cache.frame_states": {
      "count": 1,
      "total_ms": 0.0502,
      "avg_ms": 0.0502,
      "max_ms": 0.0502
    },
    "build_route_cache.geometry": {
      "count": 1,
      "total_ms": 1.939,
      "avg_ms": 1.939,
      "max_ms": 1.939
    },
    "create_base_image": {
      "count": 2,
      "total_ms": 0.032799999999999996,
      "avg_ms": 0.016399999999999998,
      "max_ms": 0.0306
    },
    "prepare.surface.clear": {
      "alt_name": "surface.clear",
      "count": 1,
      "total_ms": 4.0181000000000004,
      "avg_ms": 4.0181000000000004,
      "max_ms": 4.0181000000000004
    },
    "prepare_render_assets.total": {
      "count": 1,
      "total_ms": 133.639,
      "avg_ms": 133.639,
      "max_ms": 133.639
    },
    "text.static.cache": {
      "count": 2,
      "total_ms": 129.8427,
      "avg_ms": 64.92135,
      "max_ms": 129.5697
    }
  },
  "label_cache_status": "miss"
}