{
  "phase": "phase_6",
  "timestamp": "2026-04-25T23:15:16",
  "overlay_filename": "H:\\tools\\cyclemetry\\backend\\public\\video_1777151689.mov",
  "fps": 30.0,
  "width": 3840,
  "height": 2160,
  "total_frames": 900,
  "rendered_frames": 900,
  "total_time_taken": 26.962,
  "sample_frame_indices": [],
  "timings": {
    "base.restore": {
      "count": 900,
      "total_ms": 4133.127199999994,
      "avg_ms": 4.59236355555555,
      "max_ms": 27.9424
    },
    "buffer.acquire_wait": {
      "count": 900,
      "total_ms": 0.9927000000000028,
      "avg_ms": 0.001103000000000003,
      "max_ms": 0.023200000000000002
    },
    "buffer.release_wait": {
      "count": 900,
      "total_ms": 3.2500999999999984,
      "avg_ms": 0.0036112222222222205,
      "max_ms": 0.0956
    },
    "composite.elevation": {
      "count": 900,
      "total_ms": 15005.847799999998,
      "avg_ms": 16.67316422222222,
      "max_ms": 29.8406
    },
    "composite.route": {
      "count": 900,
      "total_ms": 1263.421899999998,
      "avg_ms": 1.403802111111109,
      "max_ms": 16.288899999999998
    },
    "encoder.queue_wait": {
      "count": 901,
      "total_ms": 19540.447000000004,
      "avg_ms": 21.687510543840183,
      "max_ms": 46.4506
    },
    "ffmpeg.write": {
      "count": 900,
      "total_ms": 7247.744100000002,
      "avg_ms": 8.053049000000001,
      "max_ms": 33.7769
    },
    "frame.draw": {
      "count": 900,
      "total_ms": 22543.18400000001,
      "avg_ms": 25.04798222222223,
      "max_ms": 42.6031
    },
    "frame.total": {
      "count": 900,
      "total_ms": 26791.27029999999,
      "avg_ms": 29.768078111111098,
      "max_ms": 52.6626
    },
    "queue.put_wait": {
      "count": 900,
      "total_ms": 63.94979999999995,
      "avg_ms": 0.07105533333333328,
      "max_ms": 9.3788
    },
    "surface.create": {
      "count": 900,
      "total_ms": 12.483399999999987,
      "avg_ms": 0.01387044444444443,
      "max_ms": 0.27090000000000003
    },
    "surface.restore": {
      "count": 900,
      "total_ms": 4133.127199999994,
      "avg_ms": 4.59236355555555,
      "max_ms": 27.9424
    },
    "text.dynamic": {
      "count": 900,
      "total_ms": 6031.569900000004,
      "avg_ms": 6.7017443333333375,
      "max_ms": 29.5025
    },
    "text.elevation_label": {
      "count": 900,
      "total_ms": 71.10519999999994,
      "avg_ms": 0.07900577777777772,
      "max_ms": 2.71
    }
  }
}