{
  "phase": "phase_6",
  "timestamp": "2026-04-24T23:25:13",
  "overlay_filename": "H:\\tools\\cyclemetry\\backend\\public\\video_1777065892.mov",
  "fps": 30.0,
  "width": 3840,
  "height": 2160,
  "total_frames": 900,
  "rendered_frames": 900,
  "total_time_taken": 20.585,
  "sample_frame_indices": [],
  "timings": {
    "base.restore": {
      "count": 900,
      "total_ms": 7195.461900000006,
      "avg_ms": 7.994957666666673,
      "max_ms": 20.3168
    },
    "buffer.acquire_wait": {
      "count": 900,
      "total_ms": 2093.339800000003,
      "avg_ms": 2.3259331111111146,
      "max_ms": 19.819
    },
    "buffer.release_wait": {
      "count": 900,
      "total_ms": 5.421400000000009,
      "avg_ms": 0.006023777777777788,
      "max_ms": 0.0293
    },
    "composite.elevation": {
      "count": 900,
      "total_ms": 8862.604699999996,
      "avg_ms": 9.84733855555555,
      "max_ms": 27.252399999999998
    },
    "composite.route": {
      "count": 900,
      "total_ms": 1351.4176000000007,
      "avg_ms": 1.501575111111112,
      "max_ms": 11.756300000000001
    },
    "encoder.queue_wait": {
      "count": 901,
      "total_ms": 21.083300000000044,
      "avg_ms": 0.023399889012208706,
      "max_ms": 12.787700000000001
    },
    "ffmpeg.write": {
      "count": 900,
      "total_ms": 20411.31890000002,
      "avg_ms": 22.679243222222244,
      "max_ms": 38.2257
    },
    "frame.draw": {
      "count": 900,
      "total_ms": 11050.173600000011,
      "avg_ms": 12.277970666666679,
      "max_ms": 28.851399999999998
    },
    "frame.total": {
      "count": 900,
      "total_ms": 20407.45119999998,
      "avg_ms": 22.674945777777758,
      "max_ms": 43.6127
    },
    "queue.put_wait": {
      "count": 900,
      "total_ms": 3.211899999999999,
      "avg_ms": 0.0035687777777777766,
      "max_ms": 0.0295
    },
    "surface.create": {
      "count": 900,
      "total_ms": 14.798600000000011,
      "avg_ms": 0.016442888888888903,
      "max_ms": 0.1199
    },
    "surface.restore": {
      "count": 900,
      "total_ms": 7195.461900000006,
      "avg_ms": 7.994957666666673,
      "max_ms": 20.3168
    },
    "text.dynamic": {
      "count": 900,
      "total_ms": 748.5815000000006,
      "avg_ms": 0.8317572222222228,
      "max_ms": 6.9807999999999995
    }
  }
}