{
  "total_ms": 19.5464,
  "timings": {
    "build_elevation_cache": {
      "count": 1,
      "total_ms": 1.8018,
      "avg_ms": 1.8018,
      "max_ms": 1.8018
    },
    "build_elevation_cache.frame_states": {
      "count": 1,
      "total_ms": 0.0639,
      "avg_ms": 0.0639,
      "max_ms": 0.0639
    },
    "build_elevation_cache.geometry": {
      "count": 1,
      "total_ms": 1.7183000000000002,
      "avg_ms": 1.7183000000000002,
      "max_ms": 1.7183000000000002
    },
    "build_route_cache": {
      "count": 1,
      "total_ms": 2.1155000000000004,
      "avg_ms": 2.1155000000000004,
      "max_ms": 2.1155000000000004
    },
    "build_route_cache.frame_states": {
      "count": 1,
      "total_ms": 0.0491,
      "avg_ms": 0.0491,
      "max_ms": 0.0491
    },
    "build_route_cache.geometry": {
      "count": 1,
      "total_ms": 2.0307,
      "avg_ms": 2.0307,
      "max_ms": 2.0307
    },
    "create_base_image": {
      "count": 2,
      "total_ms": 0.10709999999999999,
      "avg_ms": 0.05354999999999999,
      "max_ms": 0.10289999999999999
    },
    "prepare.surface.clear": {
      "alt_name": "surface.clear",
      "count": 1,
      "total_ms": 6.923699999999999,
      "avg_ms": 6.923699999999999,
      "max_ms": 6.923699999999999
    },
    "prepare_render_assets.total": {
      "count": 1,
      "total_ms": 12.7901,
      "avg_ms": 12.7901,
      "max_ms": 12.7901
    },
    "text.static.cache": {
      "count": 2,
      "total_ms": 8.0854,
      "avg_ms": 4.0427,
      "max_ms": 5.697500000000001
    }
  },
  "label_cache_status": "miss"
}