{
  "phase": "phase_6",
  "timestamp": "2026-04-25T23:27:55",
  "overlay_filename": "H:\\tools\\cyclemetry\\backend\\public\\video_1777152449.mov",
  "fps": 30.0,
  "width": 3840,
  "height": 2160,
  "total_frames": 900,
  "rendered_frames": 900,
  "total_time_taken": 25.655,
  "sample_frame_indices": [],
  "timings": {
    "base.restore": {
      "count": 900,
      "total_ms": 5051.185299999993,
      "avg_ms": 5.612428111111103,
      "max_ms": 59.5025
    },
    "buffer.acquire_wait": {
      "count": 900,
      "total_ms": 1.423099999999997,
      "avg_ms": 0.0015812222222222189,
      "max_ms": 0.093
    },
    "buffer.release_wait": {
      "count": 900,
      "total_ms": 2.5689,
      "avg_ms": 0.0028543333333333337,
      "max_ms": 0.018000000000000002
    },
    "composite.elevation": {
      "count": 900,
      "total_ms": 11293.777199999993,
      "avg_ms": 12.548641333333325,
      "max_ms": 60.6911
    },
    "composite.route": {
      "count": 900,
      "total_ms": 1322.4662000000012,
      "avg_ms": 1.4694068888888903,
      "max_ms": 21.6651
    },
    "encoder.queue_wait": {
      "count": 901,
      "total_ms": 11831.275200000002,
      "avg_ms": 13.131271032186461,
      "max_ms": 77.91770000000001
    },
    "ffmpeg.write": {
      "count": 900,
      "total_ms": 13593.06230000001,
      "avg_ms": 15.103402555555567,
      "max_ms": 112.333
    },
    "frame.draw": {
      "count": 900,
      "total_ms": 20204.01479999998,
      "avg_ms": 22.44890533333331,
      "max_ms": 78.8142
    },
    "frame.total": {
      "count": 900,
      "total_ms": 25408.476500000037,
      "avg_ms": 28.231640555555597,
      "max_ms": 90.19720000000001
    },
    "queue.put_wait": {
      "count": 900,
      "total_ms": 103.02650000000011,
      "avg_ms": 0.11447388888888901,
      "max_ms": 10.5298
    },
    "surface.create": {
      "count": 900,
      "total_ms": 12.849199999999993,
      "avg_ms": 0.01427688888888888,
      "max_ms": 1.47
    },
    "surface.restore": {
      "count": 900,
      "total_ms": 5051.185299999993,
      "avg_ms": 5.612428111111103,
      "max_ms": 59.5025
    },
    "text.dynamic": {
      "count": 900,
      "total_ms": 7400.751200000004,
      "avg_ms": 8.223056888888893,
      "max_ms": 49.5748
    },
    "text.elevation_label": {
      "count": 900,
      "total_ms": 94.27590000000004,
      "avg_ms": 0.10475100000000004,
      "max_ms": 5.879
    }
  }
}