{
  "phase": "phase_6",
  "timestamp": "2026-04-25T11:44:49",
  "overlay_filename": "H:\\tools\\cyclemetry\\backend\\public\\video_1777110255.mov",
  "fps": 30.0,
  "width": 3840,
  "height": 2160,
  "total_frames": 900,
  "rendered_frames": 900,
  "total_time_taken": 33.632,
  "sample_frame_indices": [],
  "timings": {
    "base.restore": {
      "count": 900,
      "total_ms": 3144.1337999999987,
      "avg_ms": 3.4934819999999984,
      "max_ms": 13.3533
    },
    "buffer.acquire_wait": {
      "count": 900,
      "total_ms": 19653.95189999999,
      "avg_ms": 21.83772433333332,
      "max_ms": 410.5986
    },
    "buffer.release_wait": {
      "count": 900,
      "total_ms": 8.940299999999993,
      "avg_ms": 0.00993366666666666,
      "max_ms": 0.0335
    },
    "composite.elevation": {
      "count": 900,
      "total_ms": 7267.552700000002,
      "avg_ms": 8.075058555555557,
      "max_ms": 15.0205
    },
    "composite.route": {
      "count": 900,
      "total_ms": 1283.6610000000007,
      "avg_ms": 1.4262900000000007,
      "max_ms": 2.7434
    },
    "encoder.queue_wait": {
      "count": 901,
      "total_ms": 21.81490000000037,
      "avg_ms": 0.02421187569367411,
      "max_ms": 21.0033
    },
    "ffmpeg.write": {
      "count": 900,
      "total_ms": 32919.436499999945,
      "avg_ms": 36.57715166666661,
      "max_ms": 424.35240000000005
    },
    "frame.draw": {
      "count": 900,
      "total_ms": 9610.051399999998,
      "avg_ms": 10.677834888888887,
      "max_ms": 18.3586
    },
    "frame.total": {
      "count": 900,
      "total_ms": 32445.495599999995,
      "avg_ms": 36.05055066666666,
      "max_ms": 427.18489999999997
    },
    "queue.put_wait": {
      "count": 900,
      "total_ms": 1.1207999999999994,
      "avg_ms": 0.0012453333333333327,
      "max_ms": 0.0087
    },
    "surface.create": {
      "count": 900,
      "total_ms": 11.124300000000007,
      "avg_ms": 0.012360333333333341,
      "max_ms": 0.0316
    },
    "surface.restore": {
      "count": 900,
      "total_ms": 3144.1337999999987,
      "avg_ms": 3.4934819999999984,
      "max_ms": 13.3533
    },
    "text.dynamic": {
      "count": 900,
      "total_ms": 1000.8085999999994,
      "avg_ms": 1.112009555555555,
      "max_ms": 2.4884999999999997
    }
  }
}