{
  "phase": "phase_6",
  "timestamp": "2026-04-25T23:29:26",
  "overlay_filename": "H:\\tools\\cyclemetry\\backend\\public\\video_1777152541.mov",
  "fps": 30.0,
  "width": 3840,
  "height": 2160,
  "total_frames": 900,
  "rendered_frames": 900,
  "total_time_taken": 25.022,
  "sample_frame_indices": [],
  "timings": {
    "base.restore": {
      "count": 900,
      "total_ms": 4757.6872,
      "avg_ms": 5.286319111111111,
      "max_ms": 31.613500000000002
    },
    "buffer.acquire_wait": {
      "count": 900,
      "total_ms": 1.1952999999999954,
      "avg_ms": 0.0013281111111111059,
      "max_ms": 0.1899
    },
    "buffer.release_wait": {
      "count": 900,
      "total_ms": 2.821800000000001,
      "avg_ms": 0.0031353333333333346,
      "max_ms": 0.1893
    },
    "composite.elevation": {
      "count": 900,
      "total_ms": 11693.1321,
      "avg_ms": 12.992369,
      "max_ms": 33.134299999999996
    },
    "composite.route": {
      "count": 900,
      "total_ms": 1277.0460000000014,
      "avg_ms": 1.4189400000000016,
      "max_ms": 17.7763
    },
    "encoder.queue_wait": {
      "count": 901,
      "total_ms": 14962.627800000011,
      "avg_ms": 16.606690122086583,
      "max_ms": 46.7068
    },
    "ffmpeg.write": {
      "count": 900,
      "total_ms": 9899.53840000001,
      "avg_ms": 10.999487111111122,
      "max_ms": 80.7811
    },
    "frame.draw": {
      "count": 900,
      "total_ms": 19782.402900000012,
      "avg_ms": 21.98044766666668,
      "max_ms": 69.5017
    },
    "frame.total": {
      "count": 900,
      "total_ms": 24856.005700000005,
      "avg_ms": 27.617784111111117,
      "max_ms": 107.0102
    },
    "queue.put_wait": {
      "count": 900,
      "total_ms": 256.7041999999999,
      "avg_ms": 0.28522688888888875,
      "max_ms": 77.4366
    },
    "surface.create": {
      "count": 900,
      "total_ms": 14.86529999999999,
      "avg_ms": 0.01651699999999999,
      "max_ms": 1.1397
    },
    "surface.restore": {
      "count": 900,
      "total_ms": 4757.6872,
      "avg_ms": 5.286319111111111,
      "max_ms": 31.613500000000002
    },
    "text.dynamic": {
      "count": 900,
      "total_ms": 6660.249199999996,
      "avg_ms": 7.400276888888884,
      "max_ms": 52.5193
    },
    "text.elevation_label": {
      "count": 900,
      "total_ms": 82.66940000000011,
      "avg_ms": 0.09185488888888901,
      "max_ms": 7.6892000000000005
    }
  }
}