{
  "phase": "phase_6",
  "timestamp": "2026-04-25T00:52:36",
  "overlay_filename": "H:\\tools\\cyclemetry\\backend\\public\\video_1777071133.mov",
  "fps": 30.0,
  "width": 3840,
  "height": 2160,
  "total_frames": 900,
  "rendered_frames": 900,
  "total_time_taken": 22.962,
  "sample_frame_indices": [],
  "timings": {
    "base.restore": {
      "count": 900,
      "total_ms": 4921.052300000006,
      "avg_ms": 5.467835888888895,
      "max_ms": 21.1098
    },
    "buffer.acquire_wait": {
      "count": 900,
      "total_ms": 63.40929999999997,
      "avg_ms": 0.07045477777777776,
      "max_ms": 14.6168
    },
    "buffer.release_wait": {
      "count": 900,
      "total_ms": 1.4345000000000019,
      "avg_ms": 0.001593888888888891,
      "max_ms": 0.018000000000000002
    },
    "composite.elevation": {
      "count": 900,
      "total_ms": 10208.274600000013,
      "avg_ms": 11.342527333333349,
      "max_ms": 24.537300000000002
    },
    "composite.route": {
      "count": 900,
      "total_ms": 1343.683099999999,
      "avg_ms": 1.4929812222222212,
      "max_ms": 12.2658
    },
    "encoder.queue_wait": {
      "count": 901,
      "total_ms": 4623.483900000004,
      "avg_ms": 5.131502663706996,
      "max_ms": 60.8685
    },
    "ffmpeg.write": {
      "count": 900,
      "total_ms": 18182.309500000003,
      "avg_ms": 20.202566111111114,
      "max_ms": 55.472500000000004
    },
    "frame.draw": {
      "count": 900,
      "total_ms": 12214.264300000004,
      "avg_ms": 13.571404777777783,
      "max_ms": 27.2111
    },
    "frame.total": {
      "count": 900,
      "total_ms": 22800.956600000005,
      "avg_ms": 25.334396222222228,
      "max_ms": 105.9854
    },
    "queue.put_wait": {
      "count": 900,
      "total_ms": 3.959900000000002,
      "avg_ms": 0.004399888888888891,
      "max_ms": 0.45199999999999996
    },
    "surface.create": {
      "count": 900,
      "total_ms": 8.214799999999997,
      "avg_ms": 0.009127555555555552,
      "max_ms": 0.6227999999999999
    },
    "surface.restore": {
      "count": 900,
      "total_ms": 4921.052300000006,
      "avg_ms": 5.467835888888895,
      "max_ms": 21.1098
    },
    "surface.unpremultiply_swizzle": {
      "count": 900,
      "total_ms": 5553.34749999999,
      "avg_ms": 6.1703861111111,
      "max_ms": 87.1533
    },
    "text.dynamic": {
      "count": 900,
      "total_ms": 636.1042999999999,
      "avg_ms": 0.7067825555555554,
      "max_ms": 10.0876
    }
  }
}