{
  "phase": "phase_6",
  "timestamp": "2026-04-24T23:59:10",
  "overlay_filename": "H:\\tools\\cyclemetry\\backend\\public\\video_1777067929.mov",
  "fps": 30.0,
  "width": 3840,
  "height": 2160,
  "total_frames": 900,
  "rendered_frames": 900,
  "total_time_taken": 20.748,
  "sample_frame_indices": [],
  "timings": {
    "base.restore": {
      "count": 900,
      "total_ms": 6712.520000000003,
      "avg_ms": 7.458355555555559,
      "max_ms": 31.8735
    },
    "buffer.acquire_wait": {
      "count": 900,
      "total_ms": 950.8380000000045,
      "avg_ms": 1.0564866666666717,
      "max_ms": 43.7321
    },
    "buffer.release_wait": {
      "count": 900,
      "total_ms": 4.143900000000006,
      "avg_ms": 0.00460433333333334,
      "max_ms": 0.0671
    },
    "composite.elevation": {
      "count": 900,
      "total_ms": 10385.275299999992,
      "avg_ms": 11.53919477777777,
      "max_ms": 37.4123
    },
    "composite.route": {
      "count": 900,
      "total_ms": 1489.6557999999998,
      "avg_ms": 1.6551731111111108,
      "max_ms": 17.3992
    },
    "encoder.queue_wait": {
      "count": 901,
      "total_ms": 1272.9088999999997,
      "avg_ms": 1.4127734739178688,
      "max_ms": 30.3346
    },
    "ffmpeg.write": {
      "count": 900,
      "total_ms": 19313.665100000024,
      "avg_ms": 21.459627888888914,
      "max_ms": 61.8273
    },
    "frame.draw": {
      "count": 900,
      "total_ms": 12816.47789999999,
      "avg_ms": 14.24053099999999,
      "max_ms": 39.1398
    },
    "frame.total": {
      "count": 900,
      "total_ms": 20570.988400000027,
      "avg_ms": 22.856653777777808,
      "max_ms": 67.4347
    },
    "queue.put_wait": {
      "count": 900,
      "total_ms": 18.854800000000004,
      "avg_ms": 0.020949777777777782,
      "max_ms": 5.1623
    },
    "surface.create": {
      "count": 900,
      "total_ms": 15.37719999999999,
      "avg_ms": 0.017085777777777766,
      "max_ms": 0.624
    },
    "surface.restore": {
      "count": 900,
      "total_ms": 6712.520000000003,
      "avg_ms": 7.458355555555559,
      "max_ms": 31.8735
    },
    "text.dynamic": {
      "count": 900,
      "total_ms": 823.5029000000006,
      "avg_ms": 0.915003222222223,
      "max_ms": 11.8688
    }
  }
}