{
  "total_ms": 21.6628,
  "timings": {
    "build_elevation_cache": {
      "count": 1,
      "total_ms": 1.748,
      "avg_ms": 1.748,
      "max_ms": 1.748
    },
    "build_elevation_cache.frame_states": {
      "count": 1,
      "total_ms": 0.0843,
      "avg_ms": 0.0843,
      "max_ms": 0.0843
    },
    "build_elevation_cache.geometry": {
      "count": 1,
      "total_ms": 1.6559000000000001,
      "avg_ms": 1.6559000000000001,
      "max_ms": 1.6559000000000001
    },
    "build_route_cache": {
      "count": 1,
      "total_ms": 2.6895000000000002,
      "avg_ms": 2.6895000000000002,
      "max_ms": 2.6895000000000002
    },
    "build_route_cache.frame_states": {
      "count": 1,
      "total_ms": 0.052,
      "avg_ms": 0.052,
      "max_ms": 0.052
    },
    "build_route_cache.geometry": {
      "count": 1,
      "total_ms": 2.6264000000000003,
      "avg_ms": 2.6264000000000003,
      "max_ms": 2.6264000000000003
    },
    "create_base_image": {
      "count": 2,
      "total_ms": 0.048900000000000006,
      "avg_ms": 0.024450000000000003,
      "max_ms": 0.045000000000000005
    },
    "prepare.surface.clear": {
      "alt_name": "surface.clear",
      "count": 1,
      "total_ms": 4.3858,
      "avg_ms": 4.3858,
      "max_ms": 4.3858
    },
    "prepare_render_assets.total": {
      "count": 1,
      "total_ms": 6.367,
      "avg_ms": 6.367,
      "max_ms": 6.367
    },
    "text.static.cache": {
      "count": 2,
      "total_ms": 12.5929,
      "avg_ms": 6.29645,
      "max_ms": 10.6713
    }
  },
  "label_cache_status": "miss"
}