{
  "phase": "phase_6",
  "timestamp": "2026-04-25T22:51:16",
  "overlay_filename": "H:\\tools\\cyclemetry\\backend\\public\\video_1777150241.mov",
  "fps": 30.0,
  "width": 3840,
  "height": 2160,
  "total_frames": 900,
  "rendered_frames": 900,
  "total_time_taken": 35.09,
  "sample_frame_indices": [],
  "timings": {
    "base.restore": {
      "count": 900,
      "total_ms": 3069.0595999999978,
      "avg_ms": 3.41006622222222,
      "max_ms": 19.214499999999997
    },
    "buffer.acquire_wait": {
      "count": 900,
      "total_ms": 0.7763000000000064,
      "avg_ms": 0.0008625555555555627,
      "max_ms": 0.0109
    },
    "buffer.release_wait": {
      "count": 900,
      "total_ms": 2.3115999999999985,
      "avg_ms": 0.0025684444444444426,
      "max_ms": 0.0156
    },
    "composite.elevation": {
      "count": 900,
      "total_ms": 7797.587599999997,
      "avg_ms": 8.663986222222219,
      "max_ms": 22.1835
    },
    "composite.route": {
      "count": 900,
      "total_ms": 884.4959000000016,
      "avg_ms": 0.982773222222224,
      "max_ms": 3.1467
    },
    "encoder.queue_wait": {
      "count": 901,
      "total_ms": 28968.580699999984,
      "avg_ms": 32.151587902330725,
      "max_ms": 77.1433
    },
    "ffmpeg.write": {
      "count": 900,
      "total_ms": 5977.1189000000095,
      "avg_ms": 6.641243222222233,
      "max_ms": 26.311500000000002
    },
    "frame.draw": {
      "count": 900,
      "total_ms": 31841.35589999999,
      "avg_ms": 35.379284333333324,
      "max_ms": 84.8352
    },
    "frame.total": {
      "count": 900,
      "total_ms": 34948.11529999998,
      "avg_ms": 38.8312392222222,
      "max_ms": 92.17989999999999
    },
    "queue.put_wait": {
      "count": 900,
      "total_ms": 8.287999999999997,
      "avg_ms": 0.009208888888888885,
      "max_ms": 0.1623
    },
    "surface.create": {
      "count": 900,
      "total_ms": 6.829299999999999,
      "avg_ms": 0.00758811111111111,
      "max_ms": 0.2245
    },
    "surface.restore": {
      "count": 900,
      "total_ms": 3069.0595999999978,
      "avg_ms": 3.41006622222222,
      "max_ms": 19.214499999999997
    },
    "text.dynamic": {
      "count": 900,
      "total_ms": 22994.888300000002,
      "avg_ms": 25.54987588888889,
      "max_ms": 62.9749
    },
    "text.elevation_label": {
      "count": 900,
      "total_ms": 49.74519999999996,
      "avg_ms": 0.0552724444444444,
      "max_ms": 0.6558999999999999
    }
  }
}