{
  "overlay_filename": "H:\\tools\\cyclemetry\\backend\\public\\video_1777060395.mov",
  "total_frames": 900,
  "rendered_frames": 900,
  "total_time_ms": 20186.384700000002,
  "timings": {
    "base.restore": {
      "count": 900,
      "total_ms": 1326.1726,
      "avg_ms": 1.4735251111111112,
      "max_ms": 30.0727
    },
    "composite.elevation": {
      "count": 900,
      "total_ms": 6211.2391000000025,
      "avg_ms": 6.901376777777781,
      "max_ms": 28.8507
    },
    "composite.route": {
      "count": 900,
      "total_ms": 482.7485999999998,
      "avg_ms": 0.5363873333333331,
      "max_ms": 21.313100000000002
    },
    "frame.draw": {
      "count": 900,
      "total_ms": 8909.413899999994,
      "avg_ms": 9.899348777777771,
      "max_ms": 36.5617
    },
    "frame.total": {
      "count": 900,
      "total_ms": 20012.393499999987,
      "avg_ms": 22.235992777777764,
      "max_ms": 116.2816
    },
    "queue.put_wait": {
      "count": 900,
      "total_ms": 67.29920000000006,
      "avg_ms": 0.07477688888888895,
      "max_ms": 4.0145
    },
    "text.dynamic": {
      "count": 900,
      "total_ms": 733.4842999999996,
      "avg_ms": 0.8149825555555551,
      "max_ms": 7.5205
    },
    "text.elevation_label": {
      "count": 900,
      "total_ms": 17.704299999999957,
      "avg_ms": 0.019671444444444398,
      "max_ms": 4.103
    }
  }
}