{
  "total_ms": 32.1187,
  "timings": {
    "build_elevation_cache": {
      "count": 1,
      "total_ms": 2.6676,
      "avg_ms": 2.6676,
      "max_ms": 2.6676
    },
    "build_elevation_cache.frame_states": {
      "count": 1,
      "total_ms": 0.06380000000000001,
      "avg_ms": 0.06380000000000001,
      "max_ms": 0.06380000000000001
    },
    "build_elevation_cache.geometry": {
      "count": 1,
      "total_ms": 2.5893,
      "avg_ms": 2.5893,
      "max_ms": 2.5893
    },
    "build_route_cache": {
      "count": 1,
      "total_ms": 2.0509999999999997,
      "avg_ms": 2.0509999999999997,
      "max_ms": 2.0509999999999997
    },
    "build_route_cache.frame_states": {
      "count": 1,
      "total_ms": 0.0504,
      "avg_ms": 0.0504,
      "max_ms": 0.0504
    },
    "build_route_cache.geometry": {
      "count": 1,
      "total_ms": 1.9747,
      "avg_ms": 1.9747,
      "max_ms": 1.9747
    },
    "create_base_image": {
      "count": 2,
      "total_ms": 0.07680000000000001,
      "avg_ms": 0.038400000000000004,
      "max_ms": 0.0718
    },
    "prepare.surface.clear": {
      "alt_name": "surface.clear",
      "count": 1,
      "total_ms": 5.1369,
      "avg_ms": 5.1369,
      "max_ms": 5.1369
    },
    "prepare_render_assets.total": {
      "count": 1,
      "total_ms": 12.4798,
      "avg_ms": 12.4798,
      "max_ms": 12.4798
    },
    "text.static.cache": {
      "count": 2,
      "total_ms": 18.603499999999997,
      "avg_ms": 9.301749999999998,
      "max_ms": 11.367199999999999
    }
  },
  "label_cache_status": "miss"
}