{
  "total_ms": 16.0662,
  "timings": {
    "build_elevation_cache": {
      "count": 1,
      "total_ms": 0.9571999999999999,
      "avg_ms": 0.9571999999999999,
      "max_ms": 0.9571999999999999
    },
    "build_elevation_cache.frame_states": {
      "count": 1,
      "total_ms": 0.0785,
      "avg_ms": 0.0785,
      "max_ms": 0.0785
    },
    "build_elevation_cache.geometry": {
      "count": 1,
      "total_ms": 0.8704999999999999,
      "avg_ms": 0.8704999999999999,
      "max_ms": 0.8704999999999999
    },
    "build_route_cache": {
      "count": 1,
      "total_ms": 2.0822000000000003,
      "avg_ms": 2.0822000000000003,
      "max_ms": 2.0822000000000003
    },
    "build_route_cache.frame_states": {
      "count": 1,
      "total_ms": 0.0554,
      "avg_ms": 0.0554,
      "max_ms": 0.0554
    },
    "build_route_cache.geometry": {
      "count": 1,
      "total_ms": 2.0132000000000003,
      "avg_ms": 2.0132000000000003,
      "max_ms": 2.0132000000000003
    },
    "create_base_image": {
      "count": 2,
      "total_ms": 0.0346,
      "avg_ms": 0.0173,
      "max_ms": 0.0322
    },
    "prepare.surface.clear": {
      "alt_name": "surface.clear",
      "count": 1,
      "total_ms": 5.0935,
      "avg_ms": 5.0935,
      "max_ms": 5.0935
    },
    "prepare_render_assets.total": {
      "count": 1,
      "total_ms": 11.040700000000001,
      "avg_ms": 11.040700000000001,
      "max_ms": 11.040700000000001
    },
    "text.static.cache": {
      "count": 2,
      "total_ms": 7.678700000000001,
      "avg_ms": 3.8393500000000005,
      "max_ms": 5.899500000000001
    }
  },
  "label_cache_status": "miss"
}