{
  "phase": "phase_6",
  "timestamp": "2026-04-25T02:32:59",
  "overlay_filename": "H:\\tools\\cyclemetry\\backend\\public\\video_1777077136.mov",
  "fps": 30.0,
  "width": 3840,
  "height": 2160,
  "total_frames": 900,
  "rendered_frames": 900,
  "total_time_taken": 42.614,
  "sample_frame_indices": [],
  "timings": {
    "base.restore": {
      "count": 900,
      "total_ms": 5135.754899999999,
      "avg_ms": 5.706394333333332,
      "max_ms": 15.4207
    },
    "buffer.acquire_wait": {
      "count": 900,
      "total_ms": 25641.245499999997,
      "avg_ms": 28.490272777777776,
      "max_ms": 365.5117
    },
    "buffer.release_wait": {
      "count": 900,
      "total_ms": 21.370499999999982,
      "avg_ms": 0.02374499999999998,
      "max_ms": 0.145
    },
    "composite.elevation": {
      "count": 900,
      "total_ms": 7860.705400000002,
      "avg_ms": 8.734117111111113,
      "max_ms": 18.568
    },
    "composite.route": {
      "count": 900,
      "total_ms": 1488.769600000002,
      "avg_ms": 1.6541884444444466,
      "max_ms": 5.3738
    },
    "encoder.queue_wait": {
      "count": 901,
      "total_ms": 18.804600000000047,
      "avg_ms": 0.020870810210876854,
      "max_ms": 16.7332
    },
    "ffmpeg.write": {
      "count": 900,
      "total_ms": 41792.66439999993,
      "avg_ms": 46.4362937777777,
      "max_ms": 383.8398
    },
    "frame.draw": {
      "count": 900,
      "total_ms": 10810.706200000008,
      "avg_ms": 12.011895777777786,
      "max_ms": 28.668599999999998
    },
    "frame.total": {
      "count": 900,
      "total_ms": 41662.54309999998,
      "avg_ms": 46.29171455555554,
      "max_ms": 383.1699
    },
    "queue.put_wait": {
      "count": 900,
      "total_ms": 2.452600000000001,
      "avg_ms": 0.002725111111111112,
      "max_ms": 0.0898
    },
    "surface.create": {
      "count": 900,
      "total_ms": 21.05269999999999,
      "avg_ms": 0.02339188888888888,
      "max_ms": 0.10890000000000001
    },
    "surface.restore": {
      "count": 900,
      "total_ms": 5135.754899999999,
      "avg_ms": 5.706394333333332,
      "max_ms": 15.4207
    },
    "text.dynamic": {
      "count": 900,
      "total_ms": 1377.3103000000008,
      "avg_ms": 1.5303447777777786,
      "max_ms": 5.4671
    }
  }
}