{
  "phase": "phase_6",
  "timestamp": "2026-04-25T11:05:10",
  "overlay_filename": "H:\\tools\\cyclemetry\\backend\\public\\video_1777107872.mov",
  "fps": 30.0,
  "width": 3840,
  "height": 2160,
  "total_frames": 900,
  "rendered_frames": 900,
  "total_time_taken": 37.331,
  "sample_frame_indices": [],
  "timings": {
    "base.restore": {
      "count": 900,
      "total_ms": 3890.849300000003,
      "avg_ms": 4.323165888888893,
      "max_ms": 26.354599999999998
    },
    "buffer.acquire_wait": {
      "count": 900,
      "total_ms": 16335.718000000004,
      "avg_ms": 18.150797777777782,
      "max_ms": 576.7733000000001
    },
    "buffer.release_wait": {
      "count": 900,
      "total_ms": 6.438000000000003,
      "avg_ms": 0.007153333333333337,
      "max_ms": 0.1041
    },
    "composite.elevation": {
      "count": 900,
      "total_ms": 12080.94269999999,
      "avg_ms": 13.423269666666656,
      "max_ms": 58.6976
    },
    "composite.route": {
      "count": 900,
      "total_ms": 1650.4244999999987,
      "avg_ms": 1.8338049999999986,
      "max_ms": 42.2055
    },
    "encoder.queue_wait": {
      "count": 901,
      "total_ms": 5076.8076999999985,
      "avg_ms": 5.6346367369589325,
      "max_ms": 46.739999999999995
    },
    "ffmpeg.write": {
      "count": 900,
      "total_ms": 30825.529400000018,
      "avg_ms": 34.25058822222224,
      "max_ms": 807.8181
    },
    "frame.draw": {
      "count": 900,
      "total_ms": 15033.566500000026,
      "avg_ms": 16.703962777777807,
      "max_ms": 66.5106
    },
    "frame.total": {
      "count": 900,
      "total_ms": 35360.748899999984,
      "avg_ms": 39.289720999999986,
      "max_ms": 595.6755
    },
    "queue.put_wait": {
      "count": 900,
      "total_ms": 53.66859999999996,
      "avg_ms": 0.059631777777777735,
      "max_ms": 9.026
    },
    "surface.create": {
      "count": 900,
      "total_ms": 15.192700000000013,
      "avg_ms": 0.016880777777777793,
      "max_ms": 2.8335
    },
    "surface.restore": {
      "count": 900,
      "total_ms": 3890.849300000003,
      "avg_ms": 4.323165888888893,
      "max_ms": 26.354599999999998
    },
    "text.dynamic": {
      "count": 900,
      "total_ms": 1228.0290999999988,
      "avg_ms": 1.3644767777777764,
      "max_ms": 38.5198
    }
  }
}