{
  "total_ms": 23.3043,
  "timings": {
    "build_elevation_cache": {
      "count": 1,
      "total_ms": 2.3739,
      "avg_ms": 2.3739,
      "max_ms": 2.3739
    },
    "build_elevation_cache.frame_states": {
      "count": 1,
      "total_ms": 0.0646,
      "avg_ms": 0.0646,
      "max_ms": 0.0646
    },
    "build_elevation_cache.geometry": {
      "count": 1,
      "total_ms": 2.2941,
      "avg_ms": 2.2941,
      "max_ms": 2.2941
    },
    "build_route_cache": {
      "count": 1,
      "total_ms": 1.4586,
      "avg_ms": 1.4586,
      "max_ms": 1.4586
    },
    "build_route_cache.frame_states": {
      "count": 1,
      "total_ms": 0.048900000000000006,
      "avg_ms": 0.048900000000000006,
      "max_ms": 0.048900000000000006
    },
    "build_route_cache.geometry": {
      "count": 1,
      "total_ms": 1.3873,
      "avg_ms": 1.3873,
      "max_ms": 1.3873
    },
    "create_base_image": {
      "count": 2,
      "total_ms": 0.06520000000000001,
      "avg_ms": 0.032600000000000004,
      "max_ms": 0.0621
    },
    "prepare.surface.clear": {
      "alt_name": "surface.clear",
      "count": 1,
      "total_ms": 4.8694999999999995,
      "avg_ms": 4.8694999999999995,
      "max_ms": 4.8694999999999995
    },
    "prepare_render_assets.total": {
      "count": 1,
      "total_ms": 11.731300000000001,
      "avg_ms": 11.731300000000001,
      "max_ms": 11.731300000000001
    },
    "text.static.cache": {
      "count": 2,
      "total_ms": 14.242899999999999,
      "avg_ms": 7.121449999999999,
      "max_ms": 7.4894
    }
  },
  "label_cache_status": "miss"
}