{
  "phase": "encode_benchmark",
  "timestamp": "2026-04-25T03:18:03",
  "overlay_filename": "H:\\tools\\cyclemetry\\backend\\public\\encode_benchmark_1777079865.mov",
  "fps": 30.0,
  "width": 3840,
  "height": 2160,
  "total_frames": 900,
  "rendered_frames": 900,
  "total_time_taken": 18.321,
  "sample_frame_indices": [],
  "timings": {
    "buffer.acquire_wait": {
      "count": 900,
      "total_ms": 17994.99330000001,
      "avg_ms": 19.99443700000001,
      "max_ms": 51.2053
    },
    "buffer.release_wait": {
      "count": 900,
      "total_ms": 3.817500000000004,
      "avg_ms": 0.004241666666666671,
      "max_ms": 0.0418
    },
    "encoder.queue_wait": {
      "count": 901,
      "total_ms": 0.5117000000000002,
      "avg_ms": 0.000567924528301887,
      "max_ms": 0.0038
    },
    "ffmpeg.write": {
      "count": 900,
      "total_ms": 18103.757000000005,
      "avg_ms": 20.115285555555563,
      "max_ms": 51.29
    },
    "frame.total": {
      "count": 900,
      "total_ms": 18019.32140000001,
      "avg_ms": 20.021468222222236,
      "max_ms": 51.208499999999994
    },
    "prepare.synthetic_buffers": {
      "count": 1,
      "total_ms": 21.933999999999997,
      "avg_ms": 21.933999999999997,
      "max_ms": 21.933999999999997
    },
    "queue.put_wait": {
      "count": 900,
      "total_ms": 21.61559999999955,
      "avg_ms": 0.024017333333332832,
      "max_ms": 10.7402
    }
  }
}