{
  "frame_count": 5,
  "seconds": [
    600,
    607,
    615,
    622,
    629
  ],
  "total_ms_sum": 284.1828,
  "total_ms_avg": 56.83656,
  "total_ms_min": 50.486200000000004,
  "total_ms_max": 75.0386,
  "surface_ms_avg": 0.9343600000000001,
  "label_layer_ms_avg": 0.49567999999999995,
  "value_draw_ms_avg": 0.72538,
  "png_write_ms_avg": 46.87688000000001,
  "prepare_timings_avg": {
    "build_elevation_cache": {
      "count": 1,
      "total_ms": 9.3763,
      "avg_ms": 9.3763,
      "max_ms": 9.3763
    },
    "build_elevation_cache.frame_states": {
      "count": 1,
      "total_ms": 8.096400000000001,
      "avg_ms": 8.096400000000001,
      "max_ms": 8.096400000000001
    },
    "build_elevation_cache.geometry": {
      "count": 1,
      "total_ms": 1.2691,
      "avg_ms": 1.2691,
      "max_ms": 1.2691
    },
    "build_route_cache": {
      "count": 1,
      "total_ms": 8.033800000000001,
      "avg_ms": 8.033800000000001,
      "max_ms": 8.033800000000001
    },
    "build_route_cache.frame_states": {
      "count": 1,
      "total_ms": 6.5352,
      "avg_ms": 6.5352,
      "max_ms": 6.5352
    },
    "build_route_cache.geometry": {
      "count": 1,
      "total_ms": 1.4874,
      "avg_ms": 1.4874,
      "max_ms": 1.4874
    },
    "create_base_image": {
      "count": 1,
      "total_ms": 0.0409,
      "avg_ms": 0.0409,
      "max_ms": 0.0409
    },
    "prepare.surface.clear": {
      "count": 1,
      "total_ms": 1.0441,
      "avg_ms": 1.0441,
      "max_ms": 1.0441
    },
    "prepare_render_assets.total": {
      "count": 1,
      "total_ms": 4.4578,
      "avg_ms": 4.4578,
      "max_ms": 4.4578
    },
    "text.static.cache": {
      "count": 1,
      "total_ms": 3.3493,
      "avg_ms": 3.3493,
      "max_ms": 3.3493
    }
  },
  "frame_timings_avg": {
    "base.restore": {
      "count": 5,
      "total_ms": 2.4783999999999997,
      "avg_ms": 0.49567999999999995,
      "max_ms": 0.5971000000000001
    },
    "composite.elevation": {
      "count": 5,
      "total_ms": 13.914500000000002,
      "avg_ms": 2.7829000000000006,
      "max_ms": 3.0409
    },
    "composite.route": {
      "count": 5,
      "total_ms": 0.9168999999999999,
      "avg_ms": 0.18338,
      "max_ms": 0.2117
    },
    "frame.draw": {
      "count": 5,
      "total_ms": 22.9236,
      "avg_ms": 4.58472,
      "max_ms": 6.294700000000001
    },
    "text.dynamic": {
      "count": 5,
      "total_ms": 3.6269,
      "avg_ms": 0.72538,
      "max_ms": 1.2168999999999999
    },
    "text.elevation_label": {
      "count": 5,
      "total_ms": 1.7098,
      "avg_ms": 0.34196,
      "max_ms": 1.6183
    }
  },
  "preview_only_timings_avg": {
    "preview.png_write": {
      "count": 5,
      "total_ms": 234.38440000000003,
      "avg_ms": 46.87688000000001,
      "max_ms": 49.986799999999995
    },
    "preview.surface.create_clear": {
      "count": 5,
      "total_ms": 4.6718,
      "avg_ms": 0.9343600000000001,
      "max_ms": 1.0812
    }
  },
  "reports": [
    {
      "second": 600,
      "frame_index": 18000,
      "width": 1920,
      "height": 1080,
      "total_ms": 75.0386,
      "surface_ms": 0.8659,
      "label_layer_ms": 0.4855,
      "value_draw_ms": 1.2168999999999999,
      "png_write_ms": 45.833600000000004,
      "value_count": 7,
      "label_count": 1,
      "label_cache_status": "miss",
      "route_widget": {
        "geometry": {
          "point_count": 99,
          "bbox": [
            0.0,
            0.0,
            407.0,
            321.0
          ],
          "widget_width": 407,
          "widget_height": 321,
          "rotation_deg": 0.0
        },
        "frame": {
          "progress01": 0.111588,
          "marker_x": 133.66447,
          "marker_y": 68.3045,
          "marker_abs_x": 1463.6644,
          "marker_abs_y": 574.3045
        }
      },
      "elevation_widget": {
        "geometry": {
          "point_count": 3588,
          "bbox": [
            0.0,
            0.0,
            1794.0,
            143.0
          ],
          "widget_width": 1794,
          "widget_height": 143,
          "rotation_deg": 0.0
        },
        "frame": {
          "progress01": 0.111588,
          "marker_x": 200.18887,
          "marker_y": 102.54605,
          "marker_abs_x": 289.18887,
          "marker_abs_y": 1039.546
        }
      },
      "prepare_timings": {
        "build_elevation_cache": {
          "count": 1,
          "total_ms": 9.3763,
          "avg_ms": 9.3763,
          "max_ms": 9.3763
        },
        "build_elevation_cache.frame_states": {
          "count": 1,
          "total_ms": 8.096400000000001,
          "avg_ms": 8.096400000000001,
          "max_ms": 8.096400000000001
        },
        "build_elevation_cache.geometry": {
          "count": 1,
          "total_ms": 1.2691,
          "avg_ms": 1.2691,
          "max_ms": 1.2691
        },
        "build_route_cache": {
          "count": 1,
          "total_ms": 8.033800000000001,
          "avg_ms": 8.033800000000001,
          "max_ms": 8.033800000000001
        },
        "build_route_cache.frame_states": {
          "count": 1,
          "total_ms": 6.5352,
          "avg_ms": 6.5352,
          "max_ms": 6.5352
        },
        "build_route_cache.geometry": {
          "count": 1,
          "total_ms": 1.4874,
          "avg_ms": 1.4874,
          "max_ms": 1.4874
        },
        "create_base_image": {
          "count": 1,
          "total_ms": 0.0409,
          "avg_ms": 0.0409,
          "max_ms": 0.0409
        },
        "prepare.surface.clear": {
          "alt_name": "surface.clear",
          "count": 1,
          "total_ms": 1.0441,
          "avg_ms": 1.0441,
          "max_ms": 1.0441
        },
        "prepare_render_assets.total": {
          "count": 1,
          "total_ms": 4.4578,
          "avg_ms": 4.4578,
          "max_ms": 4.4578
        },
        "text.static.cache": {
          "count": 1,
          "total_ms": 3.3493,
          "avg_ms": 3.3493,
          "max_ms": 3.3493
        }
      },
      "frame_timings": {
        "base.restore": {
          "alt_name": "base.copy",
          "count": 1,
          "total_ms": 0.4855,
          "avg_ms": 0.4855,
          "max_ms": 0.4855
        },
        "composite.elevation": {
          "count": 1,
          "total_ms": 2.7071,
          "avg_ms": 2.7071,
          "max_ms": 2.7071
        },
        "composite.route": {
          "count": 1,
          "total_ms": 0.2117,
          "avg_ms": 0.2117,
          "max_ms": 0.2117
        },
        "frame.draw": {
          "count": 1,
          "total_ms": 6.294700000000001,
          "avg_ms": 6.294700000000001,
          "max_ms": 6.294700000000001
        },
        "text.dynamic": {
          "count": 1,
          "total_ms": 1.2168999999999999,
          "avg_ms": 1.2168999999999999,
          "max_ms": 1.2168999999999999
        },
        "text.elevation_label": {
          "count": 1,
          "total_ms": 1.6183,
          "avg_ms": 1.6183,
          "max_ms": 1.6183
        }
      },
      "preview_only_timings": {
        "preview.png_write": {
          "alt_name": "png.write",
          "count": 1,
          "total_ms": 45.833600000000004,
          "avg_ms": 45.833600000000004,
          "max_ms": 45.833600000000004
        },
        "preview.surface.create_clear": {
          "alt_name": "surface.clear",
          "count": 1,
          "total_ms": 0.8659,
          "avg_ms": 0.8659,
          "max_ms": 0.8659
        }
      }
    },
    {
      "second": 607,
      "frame_index": 18210,
      "width": 1920,
      "height": 1080,
      "total_ms": 51.0633,
      "surface_ms": 1.0812,
      "label_layer_ms": 0.5971000000000001,
      "value_draw_ms": 0.7623000000000001,
      "png_write_ms": 45.529,
      "value_count": 7,
      "label_count": 1,
      "label_cache_status": "hit",
      "route_widget": {
        "geometry": {
          "point_count": 99,