{
  "phase": "phase_6",
  "timestamp": "2026-04-25T00:18:29",
  "overlay_filename": "H:\\tools\\cyclemetry\\backend\\public\\video_1777068903.mov",
  "fps": 30.0,
  "width": 3840,
  "height": 2160,
  "total_frames": 900,
  "rendered_frames": 900,
  "total_time_taken": 205.773,
  "sample_frame_indices": [],
  "timings": {
    "base.restore": {
      "count": 900,
      "total_ms": 2438.0501000000004,
      "avg_ms": 2.708944555555556,
      "max_ms": 8.7376
    },
    "buffer.acquire_wait": {
      "count": 900,
      "total_ms": 0.8532000000000065,
      "avg_ms": 0.0009480000000000072,
      "max_ms": 0.0081
    },
    "buffer.release_wait": {
      "count": 900,
      "total_ms": 1.7065000000000012,
      "avg_ms": 0.0018961111111111125,
      "max_ms": 0.0088
    },
    "composite.elevation": {
      "count": 900,
      "total_ms": 5201.349700000006,
      "avg_ms": 5.7792774444444515,
      "max_ms": 26.5671
    },
    "composite.route": {
      "count": 900,
      "total_ms": 765.3979,
      "avg_ms": 0.8504421111111111,
      "max_ms": 2.1846
    },
    "encoder.queue_wait": {
      "count": 901,
      "total_ms": 200364.9263,
      "avg_ms": 222.3806063263041,
      "max_ms": 300.31010000000003
    },
    "ffmpeg.write": {
      "count": 900,
      "total_ms": 5282.497299999993,
      "avg_ms": 5.869441444444436,
      "max_ms": 10.705
    },
    "frame.draw": {
      "count": 900,
      "total_ms": 6288.3171999999895,
      "avg_ms": 6.987019111111099,
      "max_ms": 29.3928
    },
    "frame.total": {
      "count": 900,
      "total_ms": 205646.2806000001,
      "avg_ms": 228.49586733333342,
      "max_ms": 306.3774
    },
    "queue.put_wait": {
      "count": 900,
      "total_ms": 9.571800000000023,
      "avg_ms": 0.010635333333333358,
      "max_ms": 0.0471
    },
    "surface.create": {
      "count": 900,
      "total_ms": 7.683600000000001,
      "avg_ms": 0.008537333333333334,
      "max_ms": 0.0184
    },
    "surface.restore": {
      "count": 900,
      "total_ms": 2438.0501000000004,
      "avg_ms": 2.708944555555556,
      "max_ms": 8.7376
    },
    "surface.unpremultiply_swizzle": {
      "count": 900,
      "total_ms": 196871.68259999994,
      "avg_ms": 218.74631399999993,
      "max_ms": 297.9609
    },
    "text.dynamic": {
      "count": 900,
      "total_ms": 268.1332999999997,
      "avg_ms": 0.29792588888888855,
      "max_ms": 3.6062999999999996
    }
  }
}