{
  "phase": "phase_5",
  "timestamp": "2026-04-24T22:14:31",
  "overlay_filename": "H:\\tools\\cyclemetry\\backend\\public\\video_1777061627.mov",
  "fps": 30.0,
  "width": 3840,
  "height": 2160,
  "total_frames": 900,
  "rendered_frames": 900,
  "total_time_taken": 44.115,
  "sample_frame_indices": [
    0,
    225,
    450,
    675,
    899
  ],
  "timings": {
    "base.restore": {
      "count": 900,
      "total_ms": 8554.6102,
      "avg_ms": 9.505122444444444,
      "max_ms": 18.4273
    },
    "composite.elevation": {
      "count": 900,
      "total_ms": 4776.388099999999,
      "avg_ms": 5.3070978888888884,
      "max_ms": 15.2728
    },
    "composite.route": {
      "count": 900,
      "total_ms": 666.8041999999988,
      "avg_ms": 0.7408935555555543,
      "max_ms": 2.0278
    },
    "debug.sample_frame_write": {
      "count": 5,
      "total_ms": 373.222,
      "avg_ms": 74.64439999999999,
      "max_ms": 97.55659999999999
    },
    "encoder.queue_wait": {
      "count": 901,
      "total_ms": 38661.47210000003,
      "avg_ms": 42.90951398446174,
      "max_ms": 138.41039999999998
    },
    "ffmpeg.write": {
      "count": 900,
      "total_ms": 4059.0953999999992,
      "avg_ms": 4.5101059999999995,
      "max_ms": 23.548099999999998
    },
    "frame.draw": {
      "count": 900,
      "total_ms": 14349.56449999999,
      "avg_ms": 15.943960555555543,
      "max_ms": 29.8511
    },
    "frame.total": {
      "count": 900,
      "total_ms": 43983.0066,
      "avg_ms": 48.870007333333334,
      "max_ms": 143.6356
    },
    "queue.put_wait": {
      "count": 900,
      "total_ms": 24.257299999999994,
      "avg_ms": 0.02695255555555555,
      "max_ms": 0.06760000000000001
    },
    "surface.clear": {
      "count": 900,
      "total_ms": 13293.789400000012,
      "avg_ms": 14.770877111111124,
      "max_ms": 21.2256
    },
    "surface.create": {
      "count": 900,
      "total_ms": 35.64480000000001,
      "avg_ms": 0.03960533333333335,
      "max_ms": 0.0811
    },
    "surface.readback_rgba": {
      "count": 900,
      "total_ms": 14848.471699999991,
      "avg_ms": 16.49830188888888,
      "max_ms": 37.813
    },
    "text.dynamic": {
      "count": 900,
      "total_ms": 250.36139999999966,
      "avg_ms": 0.27817933333333295,
      "max_ms": 2.0925000000000002
    }
  }
}