{
  "frame_count": 5,
  "seconds": [
    600,
    607,
    615,
    622,
    629
  ],
  "total_ms_sum": 979.5255,
  "total_ms_avg": 195.9051,
  "total_ms_min": 188.2414,
  "total_ms_max": 218.0823,
  "surface_ms_avg": 4.09604,
  "label_layer_ms_avg": 2.7315400000000003,
  "value_draw_ms_avg": 0.4614000000000001,
  "png_write_ms_avg": 181.49858,
  "prepare_timings_avg": {
    "build_elevation_cache": {
      "count": 1,
      "total_ms": 8.410300000000001,
      "avg_ms": 8.410300000000001,
      "max_ms": 8.410300000000001
    },
    "build_elevation_cache.frame_states": {
      "count": 1,
      "total_ms": 8.240300000000001,
      "avg_ms": 8.240300000000001,
      "max_ms": 8.240300000000001
    },
    "build_elevation_cache.geometry": {
      "count": 1,
      "total_ms": 0.1583,
      "avg_ms": 0.1583,
      "max_ms": 0.1583
    },
    "build_route_cache": {
      "count": 1,
      "total_ms": 7.4218,
      "avg_ms": 7.4218,
      "max_ms": 7.4218
    },
    "build_route_cache.frame_states": {
      "count": 1,
      "total_ms": 6.6523,
      "avg_ms": 6.6523,
      "max_ms": 6.6523
    },
    "build_route_cache.geometry": {
      "count": 1,
      "total_ms": 0.756,
      "avg_ms": 0.756,
      "max_ms": 0.756
    },
    "create_base_image": {
      "count": 1,
      "total_ms": 0.0428,
      "avg_ms": 0.0428,
      "max_ms": 0.0428
    },
    "prepare.surface.clear": {
      "count": 1,
      "total_ms": 3.8874,
      "avg_ms": 3.8874,
      "max_ms": 3.8874
    },
    "prepare_render_assets.total": {
      "count": 1,
      "total_ms": 7.5032,
      "avg_ms": 7.5032,
      "max_ms": 7.5032
    },
    "text.static.cache": {
      "count": 1,
      "total_ms": 3.5461,
      "avg_ms": 3.5461,
      "max_ms": 3.5461
    }
  },
  "frame_timings_avg": {
    "base.restore": {
      "count": 5,
      "total_ms": 13.657700000000002,
      "avg_ms": 2.7315400000000003,
      "max_ms": 3.0584000000000002
    },
    "composite.elevation": {
      "count": 5,
      "total_ms": 7.4035,
      "avg_ms": 1.4807000000000001,
      "max_ms": 1.5675999999999999
    },
    "composite.route": {
      "count": 5,
      "total_ms": 0.7893,
      "avg_ms": 0.15786,
      "max_ms": 0.1837
    },
    "frame.draw": {
      "count": 5,
      "total_ms": 27.871699999999997,
      "avg_ms": 5.574339999999999,
      "max_ms": 8.8742
    },
    "text.dynamic": {
      "count": 5,
      "total_ms": 2.3070000000000004,
      "avg_ms": 0.4614000000000001,
      "max_ms": 0.9539000000000001
    },
    "text.elevation_label": {
      "count": 5,
      "total_ms": 3.5201999999999996,
      "avg_ms": 0.7040399999999999,
      "max_ms": 3.4757
    }
  },
  "preview_only_timings_avg": {
    "preview.png_write": {
      "count": 5,
      "total_ms": 907.4929000000001,
      "avg_ms": 181.49858,
      "max_ms": 184.1073
    },
    "preview.surface.create_clear": {
      "count": 5,
      "total_ms": 20.4802,
      "avg_ms": 4.09604,
      "max_ms": 5.3609
    }
  },
  "reports": [
    {
      "second": 600,
      "frame_index": 18000,
      "width": 3840,
      "height": 2160,
      "total_ms": 218.0823,
      "surface_ms": 3.5023,
      "label_layer_ms": 2.7499,
      "value_draw_ms": 0.9539000000000001,
      "png_write_ms": 182.1642,
      "value_count": 7,
      "label_count": 1,
      "label_cache_status": "miss",
      "route_widget": {
        "geometry": {
          "point_count": 65,
          "bbox": [
            0.0,
            0.0,
            407.0,
            321.0
          ],
          "widget_width": 407,
          "widget_height": 321,
          "rotation_deg": 0.0
        },
        "frame": {
          "progress01": 0.12726605,
          "marker_x": 227.96695,
          "marker_y": 261.1917,
          "marker_abs_x": 1557.9669,
          "marker_abs_y": 767.1917
        }
      },
      "elevation_widget": {
        "geometry": {
          "point_count": 1862,
          "bbox": [
            0.0,
            0.0,
            1794.0,
            143.0
          ],
          "widget_width": 1794,
          "widget_height": 143,
          "rotation_deg": 0.0
        },
        "frame": {
          "progress01": 0.12726605,
          "marker_x": 228.31529,
          "marker_y": 99.305176,
          "marker_abs_x": 317.3153,
          "marker_abs_y": 1036.3052
        }
      },
      "prepare_timings": {
        "build_elevation_cache": {
          "count": 1,
          "total_ms": 8.410300000000001,
          "avg_ms": 8.410300000000001,
          "max_ms": 8.410300000000001
        },
        "build_elevation_cache.frame_states": {
          "count": 1,
          "total_ms": 8.240300000000001,
          "avg_ms": 8.240300000000001,
          "max_ms": 8.240300000000001
        },
        "build_elevation_cache.geometry": {
          "count": 1,
          "total_ms": 0.1583,
          "avg_ms": 0.1583,
          "max_ms": 0.1583
        },
        "build_route_cache": {
          "count": 1,
          "total_ms": 7.4218,
          "avg_ms": 7.4218,
          "max_ms": 7.4218
        },
        "build_route_cache.frame_states": {
          "count": 1,
          "total_ms": 6.6523,
          "avg_ms": 6.6523,
          "max_ms": 6.6523
        },
        "build_route_cache.geometry": {
          "count": 1,
          "total_ms": 0.756,
          "avg_ms": 0.756,
          "max_ms": 0.756
        },
        "create_base_image": {
          "count": 1,
          "total_ms": 0.0428,
          "avg_ms": 0.0428,
          "max_ms": 0.0428
        },
        "prepare.surface.clear": {
          "alt_name": "surface.clear",
          "count": 1,
          "total_ms": 3.8874,
          "avg_ms": 3.8874,
          "max_ms": 3.8874
        },
        "prepare_render_assets.total": {
          "count": 1,
          "total_ms": 7.5032,
          "avg_ms": 7.5032,
          "max_ms": 7.5032
        },
        "text.static.cache": {
          "count": 1,
          "total_ms": 3.5461,
          "avg_ms": 3.5461,
          "max_ms": 3.5461
        }
      },
      "frame_timings": {
        "base.restore": {
          "alt_name": "base.copy",
          "count": 1,
          "total_ms": 2.7499,
          "avg_ms": 2.7499,
          "max_ms": 2.7499
        },
        "composite.elevation": {
          "count": 1,
          "total_ms": 1.4697,
          "avg_ms": 1.4697,
          "max_ms": 1.4697
        },
        "composite.route": {
          "count": 1,
          "total_ms": 0.1837,
          "avg_ms": 0.1837,
          "max_ms": 0.1837
        },
        "frame.draw": {
          "count": 1,
          "total_ms": 8.8742,
          "avg_ms": 8.8742,
          "max_ms": 8.8742
        },
        "text.dynamic": {
          "count": 1,
          "total_ms": 0.9539000000000001,
          "avg_ms": 0.9539000000000001,
          "max_ms": 0.9539000000000001
        },
        "text.elevation_label": {
          "count": 1,
          "total_ms": 3.4757,
          "avg_ms": 3.4757,
          "max_ms": 3.4757
        }
      },
      "preview_only_timings": {
        "preview.png_write": {
          "alt_name": "png.write",
          "count": 1,
          "total_ms": 182.1642,
          "avg_ms": 182.1642,
          "max_ms": 182.1642
        },
        "preview.surface.create_clear": {
          "alt_name": "surface.clear",
          "count": 1,
          "total_ms": 3.5023,
          "avg_ms": 3.5023,
          "max_ms": 3.5023
        }
      }
    },
    {
      "second": 607,
      "frame_index": 18210,
      "width": 3840,
      "height": 2160,
      "total_ms": 191.0528,
      "surface_ms": 5.3609,
      "label_layer_ms": 3.0584000000000002,
      "value_draw_ms": 0.3328,
      "png_write_ms": 180.5563,
      "value_count": 7,
      "label_count": 1,
      "label_cache_status": "hit",
      "route_widget": {
        "geometry": {
          "point_count": 65,
          "bbox": [
            0.0,
            0.0,
            407.0,
            321.0
          ],