{
  "phase": "phase_6",
  "timestamp": "2026-04-25T22:11:08",
  "overlay_filename": "H:\\tools\\cyclemetry\\backend\\public\\video_1777147832.mov",
  "fps": 30.0,
  "width": 3840,
  "height": 2160,
  "total_frames": 900,
  "rendered_frames": 900,
  "total_time_taken": 36.094,
  "sample_frame_indices": [],
  "timings": {
    "base.restore": {
      "count": 900,
      "total_ms": 3083.2107999999967,
      "avg_ms": 3.425789777777774,
      "max_ms": 14.8041
    },
    "buffer.acquire_wait": {
      "count": 900,
      "total_ms": 0.8090000000000062,
      "avg_ms": 0.0008988888888888957,
      "max_ms": 0.0036
    },
    "buffer.release_wait": {
      "count": 900,
      "total_ms": 2.3726999999999987,
      "avg_ms": 0.0026363333333333317,
      "max_ms": 0.061
    },
    "composite.elevation": {
      "count": 900,
      "total_ms": 8197.886300000002,
      "avg_ms": 9.108762555555558,
      "max_ms": 17.6154
    },
    "composite.route": {
      "count": 900,
      "total_ms": 890.4479000000005,
      "avg_ms": 0.9893865555555561,
      "max_ms": 2.7367
    },
    "encoder.queue_wait": {
      "count": 901,
      "total_ms": 30062.829199999982,
      "avg_ms": 33.36607014428411,
      "max_ms": 48.027
    },
    "ffmpeg.write": {
      "count": 900,
      "total_ms": 5841.037499999999,
      "avg_ms": 6.4900416666666665,
      "max_ms": 13.5642
    },
    "frame.draw": {
      "count": 900,
      "total_ms": 32782.856700000004,
      "avg_ms": 36.42539633333334,
      "max_ms": 51.5661
    },
    "frame.total": {
      "count": 900,
      "total_ms": 35905.607199999955,
      "avg_ms": 39.89511911111106,
      "max_ms": 56.0061
    },
    "queue.put_wait": {
      "count": 900,
      "total_ms": 8.46979999999999,
      "avg_ms": 0.009410888888888878,
      "max_ms": 0.18450000000000003
    },
    "surface.create": {
      "count": 900,
      "total_ms": 8.132999999999992,
      "avg_ms": 0.009036666666666658,
      "max_ms": 0.9314
    },
    "surface.restore": {
      "count": 900,
      "total_ms": 3083.2107999999967,
      "avg_ms": 3.425789777777774,
      "max_ms": 14.8041
    },
    "text.dynamic": {
      "count": 900,
      "total_ms": 23527.473900000005,
      "avg_ms": 26.14163766666667,
      "max_ms": 37.4497
    },
    "text.elevation_label": {
      "count": 900,
      "total_ms": 49.034400000000026,
      "avg_ms": 0.05448266666666669,
      "max_ms": 2.5409
    }
  }
}