{
  "total_ms": 11.302299999999999,
  "timings": {
    "build_elevation_cache": {
      "count": 1,
      "total_ms": 0.8793,
      "avg_ms": 0.8793,
      "max_ms": 0.8793
    },
    "build_elevation_cache.frame_states": {
      "count": 1,
      "total_ms": 0.07150000000000001,
      "avg_ms": 0.07150000000000001,
      "max_ms": 0.07150000000000001
    },
    "build_elevation_cache.geometry": {
      "count": 1,
      "total_ms": 0.7995,
      "avg_ms": 0.7995,
      "max_ms": 0.7995
    },
    "build_route_cache": {
      "count": 1,
      "total_ms": 2.0850999999999997,
      "avg_ms": 2.0850999999999997,
      "max_ms": 2.0850999999999997
    },
    "build_route_cache.frame_states": {
      "count": 1,
      "total_ms": 0.050300000000000004,
      "avg_ms": 0.050300000000000004,
      "max_ms": 0.050300000000000004
    },
    "build_route_cache.geometry": {
      "count": 1,
      "total_ms": 2.0217,
      "avg_ms": 2.0217,
      "max_ms": 2.0217
    },
    "create_base_image": {
      "count": 2,
      "total_ms": 0.032600000000000004,
      "avg_ms": 0.016300000000000002,
      "max_ms": 0.0307
    },
    "prepare.surface.clear": {
      "alt_name": "surface.clear",
      "count": 1,
      "total_ms": 4.122800000000001,
      "avg_ms": 4.122800000000001,
      "max_ms": 4.122800000000001
    },
    "prepare_render_assets.total": {
      "count": 1,
      "total_ms": 7.9751,
      "avg_ms": 7.9751,
      "max_ms": 7.9751
    },
    "text.static.cache": {
      "count": 2,
      "total_ms": 3.9993,
      "avg_ms": 1.99965,
      "max_ms": 3.8038999999999996
    }
  },
  "label_cache_status": "miss"
}