{
  "phase": "phase_6",
  "timestamp": "2026-04-24T23:57:18",
  "overlay_filename": "H:\\tools\\cyclemetry\\backend\\public\\video_1777067803.mov",
  "fps": 30.0,
  "width": 3840,
  "height": 2160,
  "total_frames": 900,
  "rendered_frames": 900,
  "total_time_taken": 35.426,
  "sample_frame_indices": [],
  "timings": {
    "base.restore": {
      "count": 900,
      "total_ms": 11279.8234,
      "avg_ms": 12.53313711111111,
      "max_ms": 58.3202
    },
    "buffer.acquire_wait": {
      "count": 900,
      "total_ms": 1638.385700000003,
      "avg_ms": 1.8204285555555588,
      "max_ms": 81.055
    },
    "buffer.release_wait": {
      "count": 900,
      "total_ms": 5.005100000000004,
      "avg_ms": 0.005561222222222227,
      "max_ms": 0.0606
    },
    "composite.elevation": {
      "count": 900,
      "total_ms": 18208.330899999997,
      "avg_ms": 20.231478777777774,
      "max_ms": 67.584
    },
    "composite.route": {
      "count": 900,
      "total_ms": 2166.464500000002,
      "avg_ms": 2.4071827777777797,
      "max_ms": 40.478500000000004
    },
    "encoder.queue_wait": {
      "count": 901,
      "total_ms": 3972.520499999999,
      "avg_ms": 4.409012763596004,
      "max_ms": 60.023199999999996
    },
    "ffmpeg.write": {
      "count": 900,
      "total_ms": 31251.758700000006,
      "avg_ms": 34.72417633333334,
      "max_ms": 105.4081
    },
    "frame.draw": {
      "count": 900,
      "total_ms": 22008.066899999994,
      "avg_ms": 24.45340766666666,
      "max_ms": 78.7949
    },
    "frame.total": {
      "count": 900,
      "total_ms": 35171.78620000002,
      "avg_ms": 39.07976244444446,
      "max_ms": 103.2989
    },
    "queue.put_wait": {
      "count": 900,
      "total_ms": 48.002399999999994,
      "avg_ms": 0.053335999999999995,
      "max_ms": 13.4055
    },
    "surface.create": {
      "count": 900,
      "total_ms": 31.072700000000015,
      "avg_ms": 0.03452522222222224,
      "max_ms": 4.4009
    },
    "surface.restore": {
      "count": 900,
      "total_ms": 11279.8234,
      "avg_ms": 12.53313711111111,
      "max_ms": 58.3202
    },
    "text.dynamic": {
      "count": 900,
      "total_ms": 1434.8138000000006,
      "avg_ms": 1.5942375555555561,
      "max_ms": 46.2442
    }
  }
}