{
  "total_ms": 125.62719999999999,
  "timings": {
    "create_base_image": {
      "count": 2,
      "total_ms": 0.0319,
      "avg_ms": 0.01595,
      "max_ms": 0.0293
    },
    "prepare.surface.clear": {
      "alt_name": "surface.clear",
      "count": 1,
      "total_ms": 0.2109,
      "avg_ms": 0.2109,
      "max_ms": 0.2109
    },
    "prepare_render_assets.total": {
      "count": 1,
      "total_ms": 125.17629999999998,
      "avg_ms": 125.17629999999998,
      "max_ms": 125.17629999999998
    },
    "text.static.cache": {
      "count": 2,
      "total_ms": 125.24929999999999,
      "avg_ms": 62.624649999999995,
      "max_ms": 124.9159
    }
  },
  "label_cache_status": "miss"
}