{
  "phase": "phase_6",
  "timestamp": "2026-04-25T20:52:45",
  "overlay_filename": "H:\\tools\\cyclemetry\\backend\\public\\video_1777143164.mov",
  "fps": 30.0,
  "width": 960,
  "height": 320,
  "total_frames": 30,
  "rendered_frames": 30,
  "total_time_taken": 0.801,
  "sample_frame_indices": [],
  "timings": {
    "base.restore": {
      "count": 30,
      "total_ms": 5.100300000000001,
      "avg_ms": 0.17001000000000002,
      "max_ms": 0.2601
    },
    "buffer.acquire_wait": {
      "count": 30,
      "total_ms": 631.7647,
      "avg_ms": 21.058823333333333,
      "max_ms": 394.1023
    },
    "buffer.release_wait": {
      "count": 30,
      "total_ms": 0.06700000000000002,
      "avg_ms": 0.002233333333333334,
      "max_ms": 0.0083
    },
    "encoder.queue_wait": {
      "count": 31,
      "total_ms": 0.09479999999999997,
      "avg_ms": 0.003058064516129031,
      "max_ms": 0.07239999999999999
    },
    "ffmpeg.write": {
      "count": 30,
      "total_ms": 673.7179999999998,
      "avg_ms": 22.457266666666662,
      "max_ms": 394.2614
    },
    "frame.draw": {
      "count": 30,
      "total_ms": 0.025599999999999998,
      "avg_ms": 0.0008533333333333332,
      "max_ms": 0.0040999999999999995
    },
    "frame.total": {
      "count": 30,
      "total_ms": 637.2208999999998,
      "avg_ms": 21.24069666666666,
      "max_ms": 394.34819999999996
    },
    "queue.put_wait": {
      "count": 30,
      "total_ms": 0.013799999999999998,
      "avg_ms": 0.00045999999999999996,
      "max_ms": 0.0058000000000000005
    },
    "surface.create": {
      "count": 30,
      "total_ms": 0.07180000000000002,
      "avg_ms": 0.0023933333333333337,
      "max_ms": 0.0166
    },
    "surface.restore": {
      "count": 30,
      "total_ms": 5.100300000000001,
      "avg_ms": 0.17001000000000002,
      "max_ms": 0.2601
    },
    "text.dynamic": {
      "count": 30,
      "total_ms": 0.004299999999999999,
      "avg_ms": 0.0001433333333333333,
      "max_ms": 0.0012
    }
  }
}