{
  "total_ms": 17.6558,
  "timings": {
    "build_elevation_cache": {
      "count": 1,
      "total_ms": 1.4866,
      "avg_ms": 1.4866,
      "max_ms": 1.4866
    },
    "build_elevation_cache.frame_states": {
      "count": 1,
      "total_ms": 0.10500000000000001,
      "avg_ms": 0.10500000000000001,
      "max_ms": 0.10500000000000001
    },
    "build_elevation_cache.geometry": {
      "count": 1,
      "total_ms": 1.3687,
      "avg_ms": 1.3687,
      "max_ms": 1.3687
    },
    "build_route_cache": {
      "count": 1,
      "total_ms": 2.419,
      "avg_ms": 2.419,
      "max_ms": 2.419
    },
    "build_route_cache.frame_states": {
      "count": 1,
      "total_ms": 0.07880000000000001,
      "avg_ms": 0.07880000000000001,
      "max_ms": 0.07880000000000001
    },
    "build_route_cache.geometry": {
      "count": 1,
      "total_ms": 2.3173999999999997,
      "avg_ms": 2.3173999999999997,
      "max_ms": 2.3173999999999997
    },
    "create_base_image": {
      "count": 2,
      "total_ms": 0.027399999999999997,
      "avg_ms": 0.013699999999999999,
      "max_ms": 0.0203
    },
    "prepare.surface.clear": {
      "alt_name": "surface.clear",
      "count": 1,
      "total_ms": 5.3229999999999995,
      "avg_ms": 5.3229999999999995,
      "max_ms": 5.3229999999999995
    },
    "prepare_render_assets.total": {
      "count": 1,
      "total_ms": 6.7379,
      "avg_ms": 6.7379,
      "max_ms": 6.7379
    },
    "text.static.cache": {
      "count": 2,
      "total_ms": 8.113900000000001,
      "avg_ms": 4.0569500000000005,
      "max_ms": 6.7325
    }
  },
  "label_cache_status": "miss"
}