{
  "phase": "phase_6",
  "timestamp": "2026-04-25T14:11:55",
  "overlay_filename": "H:\\tools\\cyclemetry\\backend\\public\\video_1777119086.mov",
  "fps": 30.0,
  "width": 3840,
  "height": 2160,
  "total_frames": 900,
  "rendered_frames": 900,
  "total_time_taken": 29.694,
  "sample_frame_indices": [],
  "timings": {
    "base.restore": {
      "count": 900,
      "total_ms": 2466.6402000000016,
      "avg_ms": 2.7407113333333353,
      "max_ms": 10.375399999999999
    },
    "buffer.acquire_wait": {
      "count": 900,
      "total_ms": 16637.33659999999,
      "avg_ms": 18.485929555555547,
      "max_ms": 119.9811
    },
    "buffer.release_wait": {
      "count": 900,
      "total_ms": 6.693899999999994,
      "avg_ms": 0.00743766666666666,
      "max_ms": 0.0466
    },
    "composite.elevation": {
      "count": 900,
      "total_ms": 6582.1335,
      "avg_ms": 7.313481666666666,
      "max_ms": 11.777299999999999
    },
    "composite.route": {
      "count": 900,
      "total_ms": 960.0094000000001,
      "avg_ms": 1.0666771111111113,
      "max_ms": 1.7692999999999999
    },
    "encoder.queue_wait": {
      "count": 901,
      "total_ms": 21.114100000000047,
      "avg_ms": 0.023434073251942338,
      "max_ms": 20.262800000000002
    },
    "ffmpeg.write": {
      "count": 900,
      "total_ms": 29123.538799999973,
      "avg_ms": 32.359487555555525,
      "max_ms": 295.1207
    },
    "frame.draw": {
      "count": 900,
      "total_ms": 9600.74870000001,
      "avg_ms": 10.667498555555566,
      "max_ms": 15.8533
    },
    "frame.total": {
      "count": 900,
      "total_ms": 28727.678100000037,
      "avg_ms": 31.919642333333375,
      "max_ms": 132.85410000000002
    },
    "queue.put_wait": {
      "count": 900,
      "total_ms": 0.894700000000007,
      "avg_ms": 0.000994111111111119,
      "max_ms": 0.0081
    },
    "surface.create": {
      "count": 900,
      "total_ms": 5.871099999999998,
      "avg_ms": 0.006523444444444443,
      "max_ms": 0.0223
    },
    "surface.restore": {
      "count": 900,
      "total_ms": 2466.6402000000016,
      "avg_ms": 2.7407113333333353,
      "max_ms": 10.375399999999999
    },
    "text.dynamic": {
      "count": 900,
      "total_ms": 2012.6440000000011,
      "avg_ms": 2.236271111111112,
      "max_ms": 4.3715
    }
  }
}