{
  "phase": "phase_6",
  "timestamp": "2026-04-29T23:03:12",
  "overlay_filename": "H:\\tools\\cyclemetry\\backend\\public\\video_1777496566231151300.mov",
  "fps": 30.0,
  "width": 3840,
  "height": 2160,
  "total_frames": 900,
  "rendered_frames": 900,
  "total_time_taken": 25.796,
  "sample_frame_indices": [],
  "timings": {
    "base.restore": {
      "count": 900,
      "total_ms": 3272.391599999998,
      "avg_ms": 3.6359906666666646,
      "max_ms": 12.305200000000001
    },
    "buffer.acquire_wait": {
      "count": 900,
      "total_ms": 0.8980000000000038,
      "avg_ms": 0.0009977777777777819,
      "max_ms": 0.0036
    },
    "buffer.release_wait": {
      "count": 900,
      "total_ms": 2.3470999999999975,
      "avg_ms": 0.002607888888888886,
      "max_ms": 0.0135
    },
    "composite.elevation": {
      "count": 900,
      "total_ms": 3908.4744000000037,
      "avg_ms": 4.342749333333337,
      "max_ms": 20.215799999999998
    },
    "composite.route": {
      "count": 900,
      "total_ms": 1046.3257,
      "avg_ms": 1.1625841111111113,
      "max_ms": 9.0329
    },
    "encoder.queue_wait": {
      "count": 901,
      "total_ms": 18819.38639999999,
      "avg_ms": 20.887221309655924,
      "max_ms": 30.2061
    },
    "ffmpeg.write": {
      "count": 900,
      "total_ms": 6800.522200000008,
      "avg_ms": 7.5561357777777864,
      "max_ms": 156.275
    },
    "frame.draw": {
      "count": 900,
      "total_ms": 22309.36140000001,
      "avg_ms": 24.788179333333343,
      "max_ms": 65.40079999999999
    },
    "frame.total": {
      "count": 900,
      "total_ms": 25621.06729999999,
      "avg_ms": 28.467852555555545,
      "max_ms": 70.6045
    },
    "queue.put_wait": {
      "count": 900,
      "total_ms": 8.758699999999996,
      "avg_ms": 0.009731888888888884,
      "max_ms": 0.5695
    },
    "surface.create": {
      "count": 900,
      "total_ms": 8.329399999999998,
      "avg_ms": 0.009254888888888887,
      "max_ms": 0.1256
    },
    "surface.restore": {
      "count": 900,
      "total_ms": 3272.391599999998,
      "avg_ms": 3.6359906666666646,
      "max_ms": 12.305200000000001
    },
    "text.dynamic": {
      "count": 900,
      "total_ms": 17266.728299999984,
      "avg_ms": 19.18525366666665,
      "max_ms": 51.6104
    },
    "text.elevation_label": {
      "count": 900,
      "total_ms": 42.944100000000056,
      "avg_ms": 0.047715666666666726,
      "max_ms": 4.2007
    }
  }
}