{
  "phase": "phase_6",
  "timestamp": "2026-04-25T11:29:38",
  "overlay_filename": "H:\\tools\\cyclemetry\\backend\\public\\video_1777109351.mov",
  "fps": 30.0,
  "width": 3840,
  "height": 2160,
  "total_frames": 900,
  "rendered_frames": 900,
  "total_time_taken": 26.944,
  "sample_frame_indices": [],
  "timings": {
    "base.restore": {
      "count": 900,
      "total_ms": 3365.365699999998,
      "avg_ms": 3.73929522222222,
      "max_ms": 30.2259
    },
    "buffer.acquire_wait": {
      "count": 900,
      "total_ms": 0.8616000000000057,
      "avg_ms": 0.0009573333333333397,
      "max_ms": 0.0287
    },
    "buffer.release_wait": {
      "count": 900,
      "total_ms": 1.751400000000004,
      "avg_ms": 0.0019460000000000046,
      "max_ms": 0.01
    },
    "composite.elevation": {
      "count": 900,
      "total_ms": 9044.822799999989,
      "avg_ms": 10.0498031111111,
      "max_ms": 19.9772
    },
    "composite.route": {
      "count": 900,
      "total_ms": 1855.3968,
      "avg_ms": 2.061552,
      "max_ms": 9.1491
    },
    "encoder.queue_wait": {
      "count": 901,
      "total_ms": 20962.125199999995,
      "avg_ms": 23.265399778024413,
      "max_ms": 40.618500000000004
    },
    "ffmpeg.write": {
      "count": 900,
      "total_ms": 5839.300500000003,
      "avg_ms": 6.48811166666667,
      "max_ms": 50.6466
    },
    "frame.draw": {
      "count": 900,
      "total_ms": 23399.246600000028,
      "avg_ms": 25.999162888888918,
      "max_ms": 36.8414
    },
    "frame.total": {
      "count": 900,
      "total_ms": 26803.445000000014,
      "avg_ms": 29.781605555555572,
      "max_ms": 57.7795
    },
    "queue.put_wait": {
      "count": 900,
      "total_ms": 12.306299999999986,
      "avg_ms": 0.013673666666666652,
      "max_ms": 3.7022
    },
    "surface.create": {
      "count": 900,
      "total_ms": 6.895499999999999,
      "avg_ms": 0.007661666666666666,
      "max_ms": 0.0858
    },
    "surface.restore": {
      "count": 900,
      "total_ms": 3365.365699999998,
      "avg_ms": 3.73929522222222,
      "max_ms": 30.2259
    },
    "text.dynamic": {
      "count": 900,
      "total_ms": 12256.500699999991,
      "avg_ms": 13.618334111111102,
      "max_ms": 25.804299999999998
    },
    "text.elevation_label": {
      "count": 900,
      "total_ms": 32.67559999999999,
      "avg_ms": 0.03630622222222221,
      "max_ms": 0.193
    }
  }
}