{
  "phase": "phase_6",
  "timestamp": "2026-04-24T22:58:24",
  "overlay_filename": "H:\\tools\\cyclemetry\\backend\\public\\video_1777064294.mov",
  "fps": 30.0,
  "width": 1920,
  "height": 1080,
  "total_frames": 900,
  "rendered_frames": 900,
  "total_time_taken": 9.065,
  "sample_frame_indices": [],
  "timings": {
    "base.restore": {
      "count": 900,
      "total_ms": 1035.5058000000006,
      "avg_ms": 1.1505620000000008,
      "max_ms": 5.7984
    },
    "buffer.acquire_wait": {
      "count": 900,
      "total_ms": 0.4418000000000066,
      "avg_ms": 0.0004908888888888962,
      "max_ms": 0.0072
    },
    "buffer.release_wait": {
      "count": 900,
      "total_ms": 0.8626999999999994,
      "avg_ms": 0.0009585555555555548,
      "max_ms": 0.005
    },
    "composite.elevation": {
      "count": 900,
      "total_ms": 3962.383200000004,
      "avg_ms": 4.402648000000005,
      "max_ms": 17.8905
    },
    "composite.route": {
      "count": 900,
      "total_ms": 443.5038000000003,
      "avg_ms": 0.49278200000000033,
      "max_ms": 1.4632
    },
    "encoder.queue_wait": {
      "count": 901,
      "total_ms": 7908.865600000001,
      "avg_ms": 8.777875249722532,
      "max_ms": 30.5869
    },
    "ffmpeg.write": {
      "count": 900,
      "total_ms": 1116.5394,
      "avg_ms": 1.2405993333333332,
      "max_ms": 2.6004
    },
    "frame.draw": {
      "count": 900,
      "total_ms": 7973.0796999999975,
      "avg_ms": 8.858977444444442,
      "max_ms": 24.0487
    },
    "frame.total": {
      "count": 900,
      "total_ms": 9027.8207,
      "avg_ms": 10.03091188888889,
      "max_ms": 25.4286
    },
    "queue.put_wait": {
      "count": 900,
      "total_ms": 6.631699999999976,
      "avg_ms": 0.007368555555555529,
      "max_ms": 1.3131
    },
    "surface.create": {
      "count": 900,
      "total_ms": 2.63579999999999,
      "avg_ms": 0.0029286666666666554,
      "max_ms": 0.0231
    },
    "surface.restore": {
      "count": 900,
      "total_ms": 1035.5058000000006,
      "avg_ms": 1.1505620000000008,
      "max_ms": 5.7984
    },
    "text.dynamic": {
      "count": 900,
      "total_ms": 3490.476000000006,
      "avg_ms": 3.8783066666666732,
      "max_ms": 7.6562
    },
    "text.elevation_label": {
      "count": 900,
      "total_ms": 20.498799999999974,
      "avg_ms": 0.022776444444444415,
      "max_ms": 2.8063
    }
  }
}