{
  "total_ms": 11.925099999999999,
  "timings": {
    "build_elevation_cache": {
      "count": 1,
      "total_ms": 1.3187,
      "avg_ms": 1.3187,
      "max_ms": 1.3187
    },
    "build_elevation_cache.frame_states": {
      "count": 1,
      "total_ms": 0.022799999999999997,
      "avg_ms": 0.022799999999999997,
      "max_ms": 0.022799999999999997
    },
    "build_elevation_cache.geometry": {
      "count": 1,
      "total_ms": 1.2821,
      "avg_ms": 1.2821,
      "max_ms": 1.2821
    },
    "build_route_cache": {
      "count": 1,
      "total_ms": 1.0457,
      "avg_ms": 1.0457,
      "max_ms": 1.0457
    },
    "build_route_cache.frame_states": {
      "count": 1,
      "total_ms": 0.0189,
      "avg_ms": 0.0189,
      "max_ms": 0.0189
    },
    "build_route_cache.geometry": {
      "count": 1,
      "total_ms": 1.0169000000000001,
      "avg_ms": 1.0169000000000001,
      "max_ms": 1.0169000000000001
    },
    "create_base_image": {
      "count": 2,
      "total_ms": 0.0461,
      "avg_ms": 0.02305,
      "max_ms": 0.0444
    },
    "prepare.surface.clear": {
      "alt_name": "surface.clear",
      "count": 1,
      "total_ms": 3.5853,
      "avg_ms": 3.5853,
      "max_ms": 3.5853
    },
    "prepare_render_assets.total": {
      "count": 1,
      "total_ms": 7.725499999999999,
      "avg_ms": 7.725499999999999,
      "max_ms": 7.725499999999999
    },
    "text.static.cache": {
      "count": 2,
      "total_ms": 5.747299999999999,
      "avg_ms": 2.8736499999999996,
      "max_ms": 4.076
    }
  },
  "label_cache_status": "miss"
}