{
  "total_ms": 17.6671,
  "timings": {
    "build_elevation_cache": {
      "count": 1,
      "total_ms": 0.8772,
      "avg_ms": 0.8772,
      "max_ms": 0.8772
    },
    "build_elevation_cache.frame_states": {
      "count": 1,
      "total_ms": 0.0781,
      "avg_ms": 0.0781,
      "max_ms": 0.0781
    },
    "build_elevation_cache.geometry": {
      "count": 1,
      "total_ms": 0.7908999999999999,
      "avg_ms": 0.7908999999999999,
      "max_ms": 0.7908999999999999
    },
    "build_route_cache": {
      "count": 1,
      "total_ms": 2.0203,
      "avg_ms": 2.0203,
      "max_ms": 2.0203
    },
    "build_route_cache.frame_states": {
      "count": 1,
      "total_ms": 0.0496,
      "avg_ms": 0.0496,
      "max_ms": 0.0496
    },
    "build_route_cache.geometry": {
      "count": 1,
      "total_ms": 1.9556,
      "avg_ms": 1.9556,
      "max_ms": 1.9556
    },
    "create_base_image": {
      "count": 2,
      "total_ms": 0.044399999999999995,
      "avg_ms": 0.022199999999999998,
      "max_ms": 0.041699999999999994
    },
    "prepare.surface.clear": {
      "alt_name": "surface.clear",
      "count": 1,
      "total_ms": 6.2129,
      "avg_ms": 6.2129,
      "max_ms": 6.2129
    },
    "prepare_render_assets.total": {
      "count": 1,
      "total_ms": 12.719100000000001,
      "avg_ms": 12.719100000000001,
      "max_ms": 12.719100000000001
    },
    "text.static.cache": {
      "count": 2,
      "total_ms": 8.2195,
      "avg_ms": 4.10975,
      "max_ms": 6.4486
    }
  },
  "label_cache_status": "miss"
}