{
  "phase": "phase_6",
  "timestamp": "2026-04-25T11:57:33",
  "overlay_filename": "H:\\tools\\cyclemetry\\backend\\public\\video_1777111020.mov",
  "fps": 30.0,
  "width": 3840,
  "height": 2160,
  "total_frames": 900,
  "rendered_frames": 900,
  "total_time_taken": 33.751,
  "sample_frame_indices": [],
  "timings": {
    "base.restore": {
      "count": 900,
      "total_ms": 2993.0973999999946,
      "avg_ms": 3.325663777777772,
      "max_ms": 10.420300000000001
    },
    "buffer.acquire_wait": {
      "count": 900,
      "total_ms": 8485.923400000001,
      "avg_ms": 9.42880377777778,
      "max_ms": 82.6548
    },
    "buffer.release_wait": {
      "count": 900,
      "total_ms": 7.128700000000002,
      "avg_ms": 0.00792077777777778,
      "max_ms": 0.0496
    },
    "composite.elevation": {
      "count": 900,
      "total_ms": 8572.170400000006,
      "avg_ms": 9.524633777777785,
      "max_ms": 23.9454
    },
    "composite.route": {
      "count": 900,
      "total_ms": 923.5566,
      "avg_ms": 1.026174,
      "max_ms": 7.0702
    },
    "encoder.queue_wait": {
      "count": 901,
      "total_ms": 29.75200000000024,
      "avg_ms": 0.03302108768035543,
      "max_ms": 28.8948
    },
    "ffmpeg.write": {
      "count": 900,
      "total_ms": 33117.908199999976,
      "avg_ms": 36.79767577777775,
      "max_ms": 273.0381
    },
    "frame.draw": {
      "count": 900,
      "total_ms": 21238.055400000027,
      "avg_ms": 23.59783933333336,
      "max_ms": 52.5693
    },
    "frame.total": {
      "count": 900,
      "total_ms": 32751.54180000003,
      "avg_ms": 36.39060200000004,
      "max_ms": 107.69479999999999
    },
    "queue.put_wait": {
      "count": 900,
      "total_ms": 2.891299999999997,
      "avg_ms": 0.0032125555555555523,
      "max_ms": 0.0184
    },
    "surface.create": {
      "count": 900,
      "total_ms": 8.18739999999999,
      "avg_ms": 0.0090971111111111,
      "max_ms": 0.0298
    },
    "surface.restore": {
      "count": 900,
      "total_ms": 2993.0973999999946,
      "avg_ms": 3.325663777777772,
      "max_ms": 10.420300000000001
    },
    "text.dynamic": {
      "count": 900,
      "total_ms": 11689.866700000006,
      "avg_ms": 12.988740777777785,
      "max_ms": 25.8421
    }
  }
}