{
  "phase": "encode_benchmark",
  "timestamp": "2026-04-25T03:09:18",
  "overlay_filename": "H:\\tools\\cyclemetry\\backend\\public\\encode_benchmark_1777079356.mov",
  "fps": 30.0,
  "width": 3840,
  "height": 2160,
  "total_frames": 10,
  "rendered_frames": 10,
  "total_time_taken": 1.645,
  "sample_frame_indices": [],
  "timings": {
    "buffer.acquire_wait": {
      "count": 10,
      "total_ms": 694.5934000000001,
      "avg_ms": 69.45934000000001,
      "max_ms": 413.60760000000005
    },
    "buffer.release_wait": {
      "count": 10,
      "total_ms": 0.0824,
      "avg_ms": 0.00824,
      "max_ms": 0.018600000000000002
    },
    "encoder.queue_wait": {
      "count": 11,
      "total_ms": 0.015099999999999999,
      "avg_ms": 0.0013727272727272726,
      "max_ms": 0.0035
    },
    "ffmpeg.write": {
      "count": 10,
      "total_ms": 765.7684999999999,
      "avg_ms": 76.57685,
      "max_ms": 413.6199
    },
    "frame.total": {
      "count": 10,
      "total_ms": 705.0852,
      "avg_ms": 70.50852,
      "max_ms": 413.6132
    },
    "prepare.synthetic_buffers": {
      "count": 1,
      "total_ms": 520.8215,
      "avg_ms": 520.8215,
      "max_ms": 520.8215
    },
    "queue.put_wait": {
      "count": 10,
      "total_ms": 10.439400000000003,
      "avg_ms": 1.0439400000000003,
      "max_ms": 10.434000000000001
    }
  }
}