{
  "total_ms": 132.68769999999998,
  "timings": {
    "build_elevation_cache": {
      "count": 1,
      "total_ms": 1.6225,
      "avg_ms": 1.6225,
      "max_ms": 1.6225
    },
    "build_elevation_cache.frame_states": {
      "count": 1,
      "total_ms": 0.0838,
      "avg_ms": 0.0838,
      "max_ms": 0.0838
    },
    "build_elevation_cache.geometry": {
      "count": 1,
      "total_ms": 1.531,
      "avg_ms": 1.531,
      "max_ms": 1.531
    },
    "build_route_cache": {
      "count": 1,
      "total_ms": 1.9539000000000002,
      "avg_ms": 1.9539000000000002,
      "max_ms": 1.9539000000000002
    },
    "build_route_cache.frame_states": {
      "count": 1,
      "total_ms": 0.0563,
      "avg_ms": 0.0563,
      "max_ms": 0.0563
    },
    "build_route_cache.geometry": {
      "count": 1,
      "total_ms": 1.8859000000000001,
      "avg_ms": 1.8859000000000001,
      "max_ms": 1.8859000000000001
    },
    "create_base_image": {
      "count": 2,
      "total_ms": 0.0346,
      "avg_ms": 0.0173,
      "max_ms": 0.032
    },
    "prepare.surface.clear": {
      "alt_name": "surface.clear",
      "count": 1,
      "total_ms": 1.0034,
      "avg_ms": 1.0034,
      "max_ms": 1.0034
    },
    "prepare_render_assets.total": {
      "count": 1,
      "total_ms": 127.0868,
      "avg_ms": 127.0868,
      "max_ms": 127.0868
    },
    "text.static.cache": {
      "count": 2,
      "total_ms": 127.86670000000002,
      "avg_ms": 63.93335000000001,
      "max_ms": 126.03230000000002
    }
  },
  "label_cache_status": "miss"
}