{
  "phase": "phase_6",
  "timestamp": "2026-04-24T22:35:03",
  "overlay_filename": "H:\\tools\\cyclemetry\\backend\\public\\video_1777062893.mov",
  "fps": 30.0,
  "width": 1920,
  "height": 1080,
  "total_frames": 900,
  "rendered_frames": 900,
  "total_time_taken": 10.268,
  "sample_frame_indices": [],
  "timings": {
    "base.restore": {
      "count": 900,
      "total_ms": 994.5603000000007,
      "avg_ms": 1.1050670000000007,
      "max_ms": 4.0419
    },
    "buffer.acquire_wait": {
      "count": 900,
      "total_ms": 0.5489999999999984,
      "avg_ms": 0.0006099999999999982,
      "max_ms": 0.0017000000000000001
    },
    "buffer.release_wait": {
      "count": 900,
      "total_ms": 0.8553000000000008,
      "avg_ms": 0.0009503333333333343,
      "max_ms": 0.0053
    },
    "composite.elevation": {
      "count": 900,
      "total_ms": 5140.925599999998,
      "avg_ms": 5.712139555555553,
      "max_ms": 10.258700000000001
    },
    "composite.route": {
      "count": 900,
      "total_ms": 434.22309999999993,
      "avg_ms": 0.48247011111111104,
      "max_ms": 1.7633
    },
    "encoder.queue_wait": {
      "count": 901,
      "total_ms": 9111.271300000006,
      "avg_ms": 10.1123987791343,
      "max_ms": 14.506599999999999
    },
    "ffmpeg.write": {
      "count": 900,
      "total_ms": 1099.6956000000016,
      "avg_ms": 1.2218840000000017,
      "max_ms": 2.654
    },
    "frame.draw": {
      "count": 900,
      "total_ms": 9201.4953,
      "avg_ms": 10.223883666666667,
      "max_ms": 14.6962
    },
    "frame.total": {
      "count": 900,
      "total_ms": 10213.247000000007,
      "avg_ms": 11.348052222222229,
      "max_ms": 15.6764
    },
    "queue.put_wait": {
      "count": 900,
      "total_ms": 4.0765999999999964,
      "avg_ms": 0.004529555555555551,
      "max_ms": 0.0115
    },
    "surface.create": {
      "count": 900,
      "total_ms": 2.8887999999999994,
      "avg_ms": 0.003209777777777777,
      "max_ms": 0.0249
    },
    "surface.restore": {
      "count": 900,
      "total_ms": 994.5603000000007,
      "avg_ms": 1.1050670000000007,
      "max_ms": 4.0419
    },
    "text.dynamic": {
      "count": 900,
      "total_ms": 3511.3895000000043,
      "avg_ms": 3.901543888888894,
      "max_ms": 5.5207
    },
    "text.elevation_label": {
      "count": 900,
      "total_ms": 19.538100000000014,
      "avg_ms": 0.021709000000000016,
      "max_ms": 2.2874000000000003
    }
  }
}