{
  "total_ms": 15.596,
  "timings": {
    "build_elevation_cache": {
      "count": 1,
      "total_ms": 0.9319999999999999,
      "avg_ms": 0.9319999999999999,
      "max_ms": 0.9319999999999999
    },
    "build_elevation_cache.frame_states": {
      "count": 1,
      "total_ms": 0.0761,
      "avg_ms": 0.0761,
      "max_ms": 0.0761
    },
    "build_elevation_cache.geometry": {
      "count": 1,
      "total_ms": 0.8432,
      "avg_ms": 0.8432,
      "max_ms": 0.8432
    },
    "build_route_cache": {
      "count": 1,
      "total_ms": 2.2721999999999998,
      "avg_ms": 2.2721999999999998,
      "max_ms": 2.2721999999999998
    },
    "build_route_cache.frame_states": {
      "count": 1,
      "total_ms": 0.0552,
      "avg_ms": 0.0552,
      "max_ms": 0.0552
    },
    "build_route_cache.geometry": {
      "count": 1,
      "total_ms": 2.184,
      "avg_ms": 2.184,
      "max_ms": 2.184
    },
    "create_base_image": {
      "count": 2,
      "total_ms": 0.10130000000000002,
      "avg_ms": 0.05065000000000001,
      "max_ms": 0.09770000000000001
    },
    "prepare.surface.clear": {
      "alt_name": "surface.clear",
      "count": 1,
      "total_ms": 5.774900000000001,
      "avg_ms": 5.774900000000001,
      "max_ms": 5.774900000000001
    },
    "prepare_render_assets.total": {
      "count": 1,
      "total_ms": 11.8422,
      "avg_ms": 11.8422,
      "max_ms": 11.8422
    },
    "text.static.cache": {
      "count": 2,
      "total_ms": 6.0882000000000005,
      "avg_ms": 3.0441000000000003,
      "max_ms": 5.901400000000001
    }
  },
  "label_cache_status": "miss"
}