{
  "phase": "phase_6",
  "timestamp": "2026-04-25T00:49:13",
  "overlay_filename": "H:\\tools\\cyclemetry\\backend\\public\\video_1777070931.mov",
  "fps": 30.0,
  "width": 3840,
  "height": 2160,
  "total_frames": 900,
  "rendered_frames": 900,
  "total_time_taken": 22.286,
  "sample_frame_indices": [],
  "timings": {
    "base.restore": {
      "count": 900,
      "total_ms": 3874.9896999999955,
      "avg_ms": 4.305544111111106,
      "max_ms": 37.678000000000004
    },
    "buffer.acquire_wait": {
      "count": 900,
      "total_ms": 0.8555000000000061,
      "avg_ms": 0.0009505555555555623,
      "max_ms": 0.0033
    },
    "buffer.release_wait": {
      "count": 900,
      "total_ms": 1.0011000000000023,
      "avg_ms": 0.0011123333333333358,
      "max_ms": 0.0037
    },
    "composite.elevation": {
      "count": 900,
      "total_ms": 15718.500300000025,
      "avg_ms": 17.46500033333336,
      "max_ms": 49.7663
    },
    "composite.route": {
      "count": 900,
      "total_ms": 1437.6359,
      "avg_ms": 1.5973732222222221,
      "max_ms": 8.4735
    },
    "encoder.queue_wait": {
      "count": 901,
      "total_ms": 14249.9297,
      "avg_ms": 15.815682241953386,
      "max_ms": 40.8874
    },
    "ffmpeg.write": {
      "count": 900,
      "total_ms": 7874.2411,
      "avg_ms": 8.749156777777777,
      "max_ms": 44.587
    },
    "frame.draw": {
      "count": 900,
      "total_ms": 18204.505000000005,
      "avg_ms": 20.227227777777784,
      "max_ms": 52.2467
    },
    "frame.total": {
      "count": 900,
      "total_ms": 22122.406300000013,
      "avg_ms": 24.58045144444446,
      "max_ms": 58.530899999999995
    },
    "queue.put_wait": {
      "count": 900,
      "total_ms": 14.40690000000001,
      "avg_ms": 0.016007666666666677,
      "max_ms": 7.593500000000001
    },
    "surface.create": {
      "count": 900,
      "total_ms": 4.030400000000009,
      "avg_ms": 0.004478222222222232,
      "max_ms": 0.1178
    },
    "surface.restore": {
      "count": 900,
      "total_ms": 3874.9896999999955,
      "avg_ms": 4.305544111111106,
      "max_ms": 37.678000000000004
    },
    "text.dynamic": {
      "count": 900,
      "total_ms": 1023.3483000000001,
      "avg_ms": 1.1370536666666669,
      "max_ms": 6.8618999999999994
    }
  }
}