{
  "total_ms": 13.588299999999998,
  "timings": {
    "build_elevation_cache": {
      "count": 1,
      "total_ms": 0.8778,
      "avg_ms": 0.8778,
      "max_ms": 0.8778
    },
    "build_elevation_cache.frame_states": {
      "count": 1,
      "total_ms": 0.0761,
      "avg_ms": 0.0761,
      "max_ms": 0.0761
    },
    "build_elevation_cache.geometry": {
      "count": 1,
      "total_ms": 0.7937000000000001,
      "avg_ms": 0.7937000000000001,
      "max_ms": 0.7937000000000001
    },
    "build_route_cache": {
      "count": 1,
      "total_ms": 2.0222,
      "avg_ms": 2.0222,
      "max_ms": 2.0222
    },
    "build_route_cache.frame_states": {
      "count": 1,
      "total_ms": 0.0492,
      "avg_ms": 0.0492,
      "max_ms": 0.0492
    },
    "build_route_cache.geometry": {
      "count": 1,
      "total_ms": 1.9588999999999999,
      "avg_ms": 1.9588999999999999,
      "max_ms": 1.9588999999999999
    },
    "create_base_image": {
      "count": 2,
      "total_ms": 0.038400000000000004,
      "avg_ms": 0.019200000000000002,
      "max_ms": 0.0361
    },
    "prepare.surface.clear": {
      "alt_name": "surface.clear",
      "count": 1,
      "total_ms": 4.3583,
      "avg_ms": 4.3583,
      "max_ms": 4.3583
    },
    "prepare_render_assets.total": {
      "count": 1,
      "total_ms": 10.0497,
      "avg_ms": 10.0497,
      "max_ms": 10.0497
    },
    "text.static.cache": {
      "count": 2,
      "total_ms": 6.048299999999999,
      "avg_ms": 3.0241499999999997,
      "max_ms": 5.6396
    }
  },
  "label_cache_status": "miss"
}