{
  "total_ms": 15.880999999999998,
  "timings": {
    "build_elevation_cache": {
      "count": 1,
      "total_ms": 1.063,
      "avg_ms": 1.063,
      "max_ms": 1.063
    },
    "build_elevation_cache.frame_states": {
      "count": 1,
      "total_ms": 0.0803,
      "avg_ms": 0.0803,
      "max_ms": 0.0803
    },
    "build_elevation_cache.geometry": {
      "count": 1,
      "total_ms": 0.9771999999999998,
      "avg_ms": 0.9771999999999998,
      "max_ms": 0.9771999999999998
    },
    "build_route_cache": {
      "count": 1,
      "total_ms": 1.9572999999999998,
      "avg_ms": 1.9572999999999998,
      "max_ms": 1.9572999999999998
    },
    "build_route_cache.frame_states": {
      "count": 1,
      "total_ms": 0.0566,
      "avg_ms": 0.0566,
      "max_ms": 0.0566
    },
    "build_route_cache.geometry": {
      "count": 1,
      "total_ms": 1.8897,
      "avg_ms": 1.8897,
      "max_ms": 1.8897
    },
    "create_base_image": {
      "count": 1,
      "total_ms": 0.0067,
      "avg_ms": 0.0067,
      "max_ms": 0.0067
    },
    "text.static.cache": {
      "count": 1,
      "total_ms": 12.689499999999999,
      "avg_ms": 12.689499999999999,
      "max_ms": 12.689499999999999
    }
  },
  "label_cache_status": "hit"
}