{
  "phase": "phase_6",
  "timestamp": "2026-04-25T02:23:57",
  "overlay_filename": "H:\\tools\\cyclemetry\\backend\\public\\video_1777076567.webm",
  "fps": 30.0,
  "width": 3840,
  "height": 2160,
  "total_frames": 900,
  "rendered_frames": 900,
  "total_time_taken": 70.385,
  "sample_frame_indices": [],
  "timings": {
    "base.restore": {
      "count": 900,
      "total_ms": 3424.304900000002,
      "avg_ms": 3.804783222222224,
      "max_ms": 14.252799999999999
    },
    "buffer.acquire_wait": {
      "count": 900,
      "total_ms": 53120.0691,
      "avg_ms": 59.022299000000004,
      "max_ms": 219.6832
    },
    "buffer.release_wait": {
      "count": 900,
      "total_ms": 10.706400000000015,
      "avg_ms": 0.011896000000000016,
      "max_ms": 0.14679999999999999
    },
    "composite.elevation": {
      "count": 900,
      "total_ms": 8091.434800000003,
      "avg_ms": 8.990483111111114,
      "max_ms": 33.863
    },
    "composite.route": {
      "count": 900,
      "total_ms": 1367.1105000000016,
      "avg_ms": 1.5190116666666684,
      "max_ms": 7.5295
    },
    "encoder.queue_wait": {
      "count": 901,
      "total_ms": 18.29520000000046,
      "avg_ms": 0.020305438401776316,
      "max_ms": 17.1161
    },
    "ffmpeg.write": {
      "count": 900,
      "total_ms": 67555.28230000004,
      "avg_ms": 75.06142477777782,
      "max_ms": 234.7445
    },
    "frame.draw": {
      "count": 900,
      "total_ms": 10647.021400000014,
      "avg_ms": 11.830023777777793,
      "max_ms": 36.7627
    },
    "frame.total": {
      "count": 900,
      "total_ms": 67249.5365,
      "avg_ms": 74.72170722222222,
      "max_ms": 239.1846
    },
    "queue.put_wait": {
      "count": 900,
      "total_ms": 2.340799999999989,
      "avg_ms": 0.002600888888888877,
      "max_ms": 0.0255
    },
    "surface.create": {
      "count": 900,
      "total_ms": 14.725800000000007,
      "avg_ms": 0.01636200000000001,
      "max_ms": 0.0612
    },
    "surface.restore": {
      "count": 900,
      "total_ms": 3424.304900000002,
      "avg_ms": 3.804783222222224,
      "max_ms": 14.252799999999999
    },
    "text.dynamic": {
      "count": 900,
      "total_ms": 1107.6487000000013,
      "avg_ms": 1.2307207777777793,
      "max_ms": 3.3136
    }
  }
}