{
  "total_ms": 27.040399999999998,
  "timings": {
    "build_elevation_cache": {
      "count": 1,
      "total_ms": 1.823,
      "avg_ms": 1.823,
      "max_ms": 1.823
    },
    "build_elevation_cache.frame_states": {
      "count": 1,
      "total_ms": 0.0785,
      "avg_ms": 0.0785,
      "max_ms": 0.0785
    },
    "build_elevation_cache.geometry": {
      "count": 1,
      "total_ms": 1.7309999999999999,
      "avg_ms": 1.7309999999999999,
      "max_ms": 1.7309999999999999
    },
    "build_route_cache": {
      "count": 1,
      "total_ms": 2.0984,
      "avg_ms": 2.0984,
      "max_ms": 2.0984
    },
    "build_route_cache.frame_states": {
      "count": 1,
      "total_ms": 0.050300000000000004,
      "avg_ms": 0.050300000000000004,
      "max_ms": 0.050300000000000004
    },
    "build_route_cache.geometry": {
      "count": 1,
      "total_ms": 2.0227,
      "avg_ms": 2.0227,
      "max_ms": 2.0227
    },
    "create_base_image": {
      "count": 2,
      "total_ms": 0.07219999999999999,
      "avg_ms": 0.03609999999999999,
      "max_ms": 0.06219999999999999
    },
    "prepare.surface.clear": {
      "alt_name": "surface.clear",
      "count": 1,
      "total_ms": 5.32,
      "avg_ms": 5.32,
      "max_ms": 5.32
    },
    "prepare_render_assets.total": {
      "count": 1,
      "total_ms": 11.9592,
      "avg_ms": 11.9592,
      "max_ms": 11.9592
    },
    "text.static.cache": {
      "count": 2,
      "total_ms": 17.4384,
      "avg_ms": 8.7192,
      "max_ms": 10.9031
    }
  },
  "label_cache_status": "miss"
}