{
  "phase": "phase_6",
  "timestamp": "2026-04-25T11:47:37",
  "overlay_filename": "H:\\tools\\cyclemetry\\backend\\public\\video_1777110412.mov",
  "fps": 30.0,
  "width": 3840,
  "height": 2160,
  "total_frames": 900,
  "rendered_frames": 900,
  "total_time_taken": 45.304,
  "sample_frame_indices": [],
  "timings": {
    "base.restore": {
      "count": 900,
      "total_ms": 2334.393699999999,
      "avg_ms": 2.593770777777777,
      "max_ms": 12.623099999999999
    },
    "buffer.acquire_wait": {
      "count": 900,
      "total_ms": 31766.511799999986,
      "avg_ms": 35.296124222222204,
      "max_ms": 103.133
    },
    "buffer.release_wait": {
      "count": 900,
      "total_ms": 7.212900000000003,
      "avg_ms": 0.008014333333333337,
      "max_ms": 0.0184
    },
    "composite.elevation": {
      "count": 900,
      "total_ms": 6495.036499999991,
      "avg_ms": 7.216707222222213,
      "max_ms": 12.0669
    },
    "composite.route": {
      "count": 900,
      "total_ms": 745.2543999999999,
      "avg_ms": 0.8280604444444444,
      "max_ms": 1.3872000000000002
    },
    "encoder.queue_wait": {
      "count": 901,
      "total_ms": 25.7499000000002,
      "avg_ms": 0.02857924528301909,
      "max_ms": 24.985400000000002
    },
    "ffmpeg.write": {
      "count": 900,
      "total_ms": 44248.515499999994,
      "avg_ms": 49.16501722222222,
      "max_ms": 273.7518
    },
    "frame.draw": {
      "count": 900,
      "total_ms": 9436.989700000007,
      "avg_ms": 10.48554411111112,
      "max_ms": 16.448500000000003
    },
    "frame.total": {
      "count": 900,
      "total_ms": 43563.77669999998,
      "avg_ms": 48.40419633333331,
      "max_ms": 116.92049999999999
    },
    "queue.put_wait": {
      "count": 900,
      "total_ms": 0.6928000000000013,
      "avg_ms": 0.0007697777777777793,
      "max_ms": 0.0184
    },
    "surface.create": {
      "count": 900,
      "total_ms": 7.576799999999996,
      "avg_ms": 0.008418666666666663,
      "max_ms": 0.0248
    },
    "surface.restore": {
      "count": 900,
      "total_ms": 2334.393699999999,
      "avg_ms": 2.593770777777777,
      "max_ms": 12.623099999999999
    },
    "text.dynamic": {
      "count": 900,
      "total_ms": 2087.7996000000007,
      "avg_ms": 2.319777333333334,
      "max_ms": 4.418
    },
    "text.elevation_label": {
      "count": 900,
      "total_ms": 18.54840000000001,
      "avg_ms": 0.020609333333333348,
      "max_ms": 2.3351
    }
  }
}