{
  "total_ms": 26.544999999999998,
  "timings": {
    "build_elevation_cache": {
      "count": 1,
      "total_ms": 1.0891,
      "avg_ms": 1.0891,
      "max_ms": 1.0891
    },
    "build_elevation_cache.frame_states": {
      "count": 1,
      "total_ms": 0.0829,
      "avg_ms": 0.0829,
      "max_ms": 0.0829
    },
    "build_elevation_cache.geometry": {
      "count": 1,
      "total_ms": 0.9997999999999999,
      "avg_ms": 0.9997999999999999,
      "max_ms": 0.9997999999999999
    },
    "build_route_cache": {
      "count": 1,
      "total_ms": 2.4537999999999998,
      "avg_ms": 2.4537999999999998,
      "max_ms": 2.4537999999999998
    },
    "build_route_cache.frame_states": {
      "count": 1,
      "total_ms": 0.0518,
      "avg_ms": 0.0518,
      "max_ms": 0.0518
    },
    "build_route_cache.geometry": {
      "count": 1,
      "total_ms": 2.3891,
      "avg_ms": 2.3891,
      "max_ms": 2.3891
    },
    "create_base_image": {
      "count": 2,
      "total_ms": 0.0617,
      "avg_ms": 0.03085,
      "max_ms": 0.0569
    },
    "prepare.surface.clear": {
      "alt_name": "surface.clear",
      "count": 1,
      "total_ms": 7.2715000000000005,
      "avg_ms": 7.2715000000000005,
      "max_ms": 7.2715000000000005
    },
    "prepare_render_assets.total": {
      "count": 1,
      "total_ms": 11.1306,
      "avg_ms": 11.1306,
      "max_ms": 11.1306
    },
    "text.static.cache": {
      "count": 2,
      "total_ms": 15.3169,
      "avg_ms": 7.65845,
      "max_ms": 11.5687
    }
  },
  "label_cache_status": "miss"
}