{
  "phase": "phase_6",
  "timestamp": "2026-04-25T21:59:37",
  "overlay_filename": "H:\\tools\\cyclemetry\\backend\\public\\video_1777147138.mov",
  "fps": 30.0,
  "width": 3840,
  "height": 2160,
  "total_frames": 900,
  "rendered_frames": 900,
  "total_time_taken": 38.731,
  "sample_frame_indices": [],
  "timings": {
    "base.restore": {
      "count": 900,
      "total_ms": 3289.7631,
      "avg_ms": 3.6552923333333336,
      "max_ms": 14.0237
    },
    "buffer.acquire_wait": {
      "count": 900,
      "total_ms": 13450.956499999987,
      "avg_ms": 14.945507222222208,
      "max_ms": 161.1223
    },
    "buffer.release_wait": {
      "count": 900,
      "total_ms": 11.295900000000003,
      "avg_ms": 0.012551000000000003,
      "max_ms": 0.49490000000000006
    },
    "composite.elevation": {
      "count": 900,
      "total_ms": 4367.050200000007,
      "avg_ms": 4.852278000000008,
      "max_ms": 16.427899999999998
    },
    "composite.route": {
      "count": 900,
      "total_ms": 557.4078999999994,
      "avg_ms": 0.6193421111111104,
      "max_ms": 2.5898000000000003
    },
    "encoder.queue_wait": {
      "count": 901,
      "total_ms": 30.541900000000357,
      "avg_ms": 0.03389778024417354,
      "max_ms": 29.4164
    },
    "ffmpeg.write": {
      "count": 900,
      "total_ms": 37982.33570000005,
      "avg_ms": 42.20259522222227,
      "max_ms": 347.37600000000003
    },
    "frame.draw": {
      "count": 900,
      "total_ms": 20697.522099999962,
      "avg_ms": 22.997246777777736,
      "max_ms": 89.8251
    },
    "frame.total": {
      "count": 900,
      "total_ms": 37482.761799999935,
      "avg_ms": 41.64751311111104,
      "max_ms": 187.7439
    },
    "queue.put_wait": {
      "count": 900,
      "total_ms": 3.1223999999999985,
      "avg_ms": 0.0034693333333333316,
      "max_ms": 0.2099
    },
    "surface.create": {
      "count": 900,
      "total_ms": 11.441600000000008,
      "avg_ms": 0.012712888888888899,
      "max_ms": 0.0582
    },
    "surface.restore": {
      "count": 900,
      "total_ms": 3289.7631,
      "avg_ms": 3.6552923333333336,
      "max_ms": 14.0237
    },
    "text.dynamic": {
      "count": 900,
      "total_ms": 15651.772300000004,
      "avg_ms": 17.390858111111115,
      "max_ms": 78.8602
    },
    "text.elevation_label": {
      "count": 900,
      "total_ms": 43.084500000000006,
      "avg_ms": 0.047871666666666673,
      "max_ms": 0.3519
    }
  }
}