{
  "phase": "phase_6",
  "timestamp": "2026-04-25T12:22:14",
  "overlay_filename": "H:\\tools\\cyclemetry\\backend\\public\\video_1777112507.mov",
  "fps": 30.0,
  "width": 3840,
  "height": 2160,
  "total_frames": 900,
  "rendered_frames": 900,
  "total_time_taken": 27.648,
  "sample_frame_indices": [],
  "timings": {
    "base.restore": {
      "count": 900,
      "total_ms": 2703.5563999999986,
      "avg_ms": 3.003951555555554,
      "max_ms": 11.5415
    },
    "buffer.acquire_wait": {
      "count": 900,
      "total_ms": 0.8182000000000068,
      "avg_ms": 0.0009091111111111187,
      "max_ms": 0.0018
    },
    "buffer.release_wait": {
      "count": 900,
      "total_ms": 1.5383000000000109,
      "avg_ms": 0.0017092222222222344,
      "max_ms": 0.009099999999999999
    },
    "composite.elevation": {
      "count": 900,
      "total_ms": 7395.4196999999895,
      "avg_ms": 8.217132999999988,
      "max_ms": 14.7333
    },
    "composite.route": {
      "count": 900,
      "total_ms": 1105.6817999999992,
      "avg_ms": 1.2285353333333324,
      "max_ms": 7.6167
    },
    "encoder.queue_wait": {
      "count": 901,
      "total_ms": 21964.858900000003,
      "avg_ms": 24.378311764705884,
      "max_ms": 37.6475
    },
    "ffmpeg.write": {
      "count": 900,
      "total_ms": 5546.477799999998,
      "avg_ms": 6.162753111111109,
      "max_ms": 9.667200000000001
    },
    "frame.draw": {
      "count": 900,
      "total_ms": 24778.411900000014,
      "avg_ms": 27.531568777777792,
      "max_ms": 39.2335
    },
    "frame.total": {
      "count": 900,
      "total_ms": 27511.268600000036,
      "avg_ms": 30.568076222222263,
      "max_ms": 43.4212
    },
    "queue.put_wait": {
      "count": 900,
      "total_ms": 8.27100000000001,
      "avg_ms": 0.00919000000000001,
      "max_ms": 0.0222
    },
    "surface.create": {
      "count": 900,
      "total_ms": 5.5172999999999925,
      "avg_ms": 0.006130333333333325,
      "max_ms": 0.0211
    },
    "surface.restore": {
      "count": 900,
      "total_ms": 2703.5563999999986,
      "avg_ms": 3.003951555555554,
      "max_ms": 11.5415
    },
    "text.dynamic": {
      "count": 900,
      "total_ms": 16212.789299999991,
      "avg_ms": 18.014210333333324,
      "max_ms": 30.2575
    }
  }
}