{
  "phase": "phase_6",
  "timestamp": "2026-04-25T22:08:52",
  "overlay_filename": "H:\\tools\\cyclemetry\\backend\\public\\video_1777147701.mov",
  "fps": 30.0,
  "width": 3840,
  "height": 2160,
  "total_frames": 900,
  "rendered_frames": 900,
  "total_time_taken": 30.801,
  "sample_frame_indices": [],
  "timings": {
    "base.restore": {
      "count": 900,
      "total_ms": 3177.0930999999987,
      "avg_ms": 3.530103444444443,
      "max_ms": 31.1331
    },
    "buffer.acquire_wait": {
      "count": 900,
      "total_ms": 0.8302000000000065,
      "avg_ms": 0.0009224444444444516,
      "max_ms": 0.0047
    },
    "buffer.release_wait": {
      "count": 900,
      "total_ms": 2.2022000000000013,
      "avg_ms": 0.0024468888888888904,
      "max_ms": 0.0088
    },
    "composite.elevation": {
      "count": 900,
      "total_ms": 7887.330000000001,
      "avg_ms": 8.7637,
      "max_ms": 18.0263
    },
    "composite.route": {
      "count": 900,
      "total_ms": 1111.1707000000006,
      "avg_ms": 1.2346341111111117,
      "max_ms": 6.493600000000001
    },
    "encoder.queue_wait": {
      "count": 901,
      "total_ms": 24785.994899999998,
      "avg_ms": 27.50942830188679,
      "max_ms": 46.5473
    },
    "ffmpeg.write": {
      "count": 900,
      "total_ms": 5876.3807999999835,
      "avg_ms": 6.529311999999981,
      "max_ms": 28.758100000000002
    },
    "frame.draw": {
      "count": 900,
      "total_ms": 27442.488300000005,
      "avg_ms": 30.49165366666667,
      "max_ms": 46.8514
    },
    "frame.total": {
      "count": 900,
      "total_ms": 30663.69619999996,
      "avg_ms": 34.07077355555551,
      "max_ms": 58.2265
    },
    "queue.put_wait": {
      "count": 900,
      "total_ms": 9.309300000000004,
      "avg_ms": 0.010343666666666671,
      "max_ms": 0.0655
    },
    "surface.create": {
      "count": 900,
      "total_ms": 11.131400000000003,
      "avg_ms": 0.012368222222222225,
      "max_ms": 2.2107
    },
    "surface.restore": {
      "count": 900,
      "total_ms": 3177.0930999999987,
      "avg_ms": 3.530103444444443,
      "max_ms": 31.1331
    },
    "text.dynamic": {
      "count": 900,
      "total_ms": 18374.34839999999,
      "avg_ms": 20.41594266666666,
      "max_ms": 35.4344
    }
  }
}