{
  "phase": "phase_5",
  "timestamp": "2026-04-24T22:05:17",
  "overlay_filename": "H:\\tools\\cyclemetry\\backend\\public\\video_1777061097.mov",
  "fps": 30.0,
  "width": 1920,
  "height": 1080,
  "total_frames": 900,
  "rendered_frames": 900,
  "total_time_taken": 20.055,
  "sample_frame_indices": [
    0,
    225,
    450,
    675,
    899
  ],
  "timings": {
    "base.restore": {
      "count": 900,
      "total_ms": 1402.2554000000007,
      "avg_ms": 1.5580615555555564,
      "max_ms": 29.105900000000002
    },
    "composite.elevation": {
      "count": 900,
      "total_ms": 6329.377699999997,
      "avg_ms": 7.032641888888886,
      "max_ms": 38.8442
    },
    "composite.route": {
      "count": 900,
      "total_ms": 451.6950000000004,
      "avg_ms": 0.5018833333333338,
      "max_ms": 11.4734
    },
    "debug.sample_frame_write": {
      "count": 5,
      "total_ms": 478.22099999999995,
      "avg_ms": 95.64419999999998,
      "max_ms": 194.51180000000002
    },
    "encoder.queue_wait": {
      "count": 901,
      "total_ms": 18716.772199999996,
      "avg_ms": 20.773332075471693,
      "max_ms": 211.7649
    },
    "ffmpeg.write": {
      "count": 900,
      "total_ms": 880.5712000000001,
      "avg_ms": 0.9784124444444445,
      "max_ms": 2.5621
    },
    "frame.draw": {
      "count": 900,
      "total_ms": 9077.92599999999,
      "avg_ms": 10.086584444444433,
      "max_ms": 41.3487
    },
    "frame.total": {
      "count": 900,
      "total_ms": 19893.800699999993,
      "avg_ms": 22.10422299999999,
      "max_ms": 213.1018
    },
    "queue.put_wait": {
      "count": 900,
      "total_ms": 67.25120000000004,
      "avg_ms": 0.0747235555555556,
      "max_ms": 5.1579
    },
    "surface.clear": {
      "count": 900,
      "total_ms": 3151.9571999999944,
      "avg_ms": 3.50217466666666,
      "max_ms": 21.9152
    },
    "surface.create": {
      "count": 900,
      "total_ms": 14.145099999999985,
      "avg_ms": 0.01571677777777776,
      "max_ms": 0.12669999999999998
    },
    "surface.readback_rgba": {
      "count": 900,
      "total_ms": 6827.1525999999985,
      "avg_ms": 7.58572511111111,
      "max_ms": 33.890499999999996
    },
    "text.dynamic": {
      "count": 900,
      "total_ms": 738.9689000000004,
      "avg_ms": 0.821076555555556,
      "max_ms": 15.41
    },
    "text.elevation_label": {
      "count": 900,
      "total_ms": 16.204599999999974,
      "avg_ms": 0.018005111111111083,
      "max_ms": 1.9578
    }
  }
}