{
  "phase": "phase_6",
  "timestamp": "2026-04-24T22:35:39",
  "overlay_filename": "H:\\tools\\cyclemetry\\backend\\public\\video_1777062916.mov",
  "fps": 30.0,
  "width": 3840,
  "height": 2160,
  "total_frames": 900,
  "rendered_frames": 900,
  "total_time_taken": 23.64,
  "sample_frame_indices": [],
  "timings": {
    "base.restore": {
      "count": 900,
      "total_ms": 3249.0288000000064,
      "avg_ms": 3.610032000000007,
      "max_ms": 14.4077
    },
    "buffer.acquire_wait": {
      "count": 900,
      "total_ms": 1.0155999999999996,
      "avg_ms": 0.001128444444444444,
      "max_ms": 0.005699999999999999
    },
    "buffer.release_wait": {
      "count": 900,
      "total_ms": 1.6583000000000123,
      "avg_ms": 0.0018425555555555693,
      "max_ms": 0.0085
    },
    "composite.elevation": {
      "count": 900,
      "total_ms": 17606.44400000001,
      "avg_ms": 19.562715555555567,
      "max_ms": 34.4287
    },
    "composite.route": {
      "count": 900,
      "total_ms": 1391.6733000000017,
      "avg_ms": 1.5463036666666685,
      "max_ms": 19.325200000000002
    },
    "encoder.queue_wait": {
      "count": 901,
      "total_ms": 17265.890799999986,
      "avg_ms": 19.163030854605978,
      "max_ms": 25.2053
    },
    "ffmpeg.write": {
      "count": 900,
      "total_ms": 6224.926300000006,
      "avg_ms": 6.916584777777785,
      "max_ms": 60.042199999999994
    },
    "frame.draw": {
      "count": 900,
      "total_ms": 20187.680400000023,
      "avg_ms": 22.430756000000027,
      "max_ms": 55.7695
    },
    "frame.total": {
      "count": 900,
      "total_ms": 23488.86240000003,
      "avg_ms": 26.098736000000034,
      "max_ms": 66.50399999999999
    },
    "queue.put_wait": {
      "count": 900,
      "total_ms": 16.56860000000001,
      "avg_ms": 0.018409555555555568,
      "max_ms": 7.0015
    },
    "surface.create": {
      "count": 900,
      "total_ms": 8.769599999999997,
      "avg_ms": 0.009743999999999997,
      "max_ms": 0.2039
    },
    "surface.restore": {
      "count": 900,
      "total_ms": 3249.0288000000064,
      "avg_ms": 3.610032000000007,
      "max_ms": 14.4077
    },
    "text.dynamic": {
      "count": 900,
      "total_ms": 1070.0909999999992,
      "avg_ms": 1.188989999999999,
      "max_ms": 9.4968
    }
  }
}