{
  "phase": "phase_6",
  "timestamp": "2026-04-25T14:16:35",
  "overlay_filename": "H:\\tools\\cyclemetry\\backend\\public\\video_1777119357.mov",
  "fps": 30.0,
  "width": 3840,
  "height": 2160,
  "total_frames": 900,
  "rendered_frames": 900,
  "total_time_taken": 38.215,
  "sample_frame_indices": [],
  "timings": {
    "base.restore": {
      "count": 900,
      "total_ms": 6805.893200000005,
      "avg_ms": 7.562103555555561,
      "max_ms": 53.8948
    },
    "buffer.acquire_wait": {
      "count": 900,
      "total_ms": 9661.89610000001,
      "avg_ms": 10.735440111111123,
      "max_ms": 1575.0016
    },
    "buffer.release_wait": {
      "count": 900,
      "total_ms": 9.274299999999998,
      "avg_ms": 0.010304777777777776,
      "max_ms": 0.0966
    },
    "composite.elevation": {
      "count": 900,
      "total_ms": 16794.25130000001,
      "avg_ms": 18.660279222222233,
      "max_ms": 91.9898
    },
    "composite.route": {
      "count": 900,
      "total_ms": 2063.1226000000024,
      "avg_ms": 2.292358444444447,
      "max_ms": 28.5258
    },
    "encoder.queue_wait": {
      "count": 901,
      "total_ms": 25.727000000000217,
      "avg_ms": 0.028553829078801572,
      "max_ms": 23.5907
    },
    "ffmpeg.write": {
      "count": 900,
      "total_ms": 37550.47390000001,
      "avg_ms": 41.72274877777779,
      "max_ms": 1586.0697
    },
    "frame.draw": {
      "count": 900,
      "total_ms": 20676.94870000001,
      "avg_ms": 22.974387444444456,
      "max_ms": 98.1076
    },
    "frame.total": {
      "count": 900,
      "total_ms": 37214.87230000004,
      "avg_ms": 41.34985811111115,
      "max_ms": 1598.1168
    },
    "queue.put_wait": {
      "count": 900,
      "total_ms": 3.847699999999993,
      "avg_ms": 0.004275222222222214,
      "max_ms": 1.0523
    },
    "surface.create": {
      "count": 900,
      "total_ms": 14.434600000000007,
      "avg_ms": 0.016038444444444452,
      "max_ms": 0.4411
    },
    "surface.restore": {
      "count": 900,
      "total_ms": 6805.893200000005,
      "avg_ms": 7.562103555555561,
      "max_ms": 53.8948
    },
    "text.dynamic": {
      "count": 900,
      "total_ms": 1701.0767999999998,
      "avg_ms": 1.8900853333333332,
      "max_ms": 23.8872
    }
  }
}