{
  "phase": "phase_6",
  "timestamp": "2026-04-25T23:00:08",
  "overlay_filename": "H:\\tools\\cyclemetry\\backend\\public\\video_1777150782.mov",
  "fps": 30.0,
  "width": 3840,
  "height": 2160,
  "total_frames": 900,
  "rendered_frames": 900,
  "total_time_taken": 26.445,
  "sample_frame_indices": [],
  "timings": {
    "base.restore": {
      "count": 900,
      "total_ms": 4393.2073000000055,
      "avg_ms": 4.881341444444451,
      "max_ms": 34.7085
    },
    "buffer.acquire_wait": {
      "count": 900,
      "total_ms": 0.8150000000000042,
      "avg_ms": 0.0009055555555555602,
      "max_ms": 0.0059
    },
    "buffer.release_wait": {
      "count": 900,
      "total_ms": 3.6334999999999926,
      "avg_ms": 0.004037222222222214,
      "max_ms": 0.1538
    },
    "composite.elevation": {
      "count": 900,
      "total_ms": 14505.475899999998,
      "avg_ms": 16.11719544444444,
      "max_ms": 52.7362
    },
    "composite.route": {
      "count": 900,
      "total_ms": 1193.0240000000008,
      "avg_ms": 1.325582222222223,
      "max_ms": 14.8314
    },
    "encoder.queue_wait": {
      "count": 901,
      "total_ms": 18764.1674,
      "avg_ms": 20.82593496115427,
      "max_ms": 56.4657
    },
    "ffmpeg.write": {
      "count": 900,
      "total_ms": 7516.4024999999965,
      "avg_ms": 8.35155833333333,
      "max_ms": 32.3819
    },
    "frame.draw": {
      "count": 900,
      "total_ms": 21779.481500000038,
      "avg_ms": 24.19942388888893,
      "max_ms": 58.7545
    },
    "frame.total": {
      "count": 900,
      "total_ms": 26283.267199999973,
      "avg_ms": 29.20363022222219,
      "max_ms": 63.574099999999994
    },
    "queue.put_wait": {
      "count": 900,
      "total_ms": 58.06629999999999,
      "avg_ms": 0.0645181111111111,
      "max_ms": 8.0184
    },
    "surface.create": {
      "count": 900,
      "total_ms": 13.974699999999991,
      "avg_ms": 0.015527444444444436,
      "max_ms": 0.2742
    },
    "surface.restore": {
      "count": 900,
      "total_ms": 4393.2073000000055,
      "avg_ms": 4.881341444444451,
      "max_ms": 34.7085
    },
    "text.dynamic": {
      "count": 900,
      "total_ms": 5833.230099999993,
      "avg_ms": 6.481366777777771,
      "max_ms": 33.912
    },
    "text.elevation_label": {
      "count": 900,
      "total_ms": 63.64550000000003,
      "avg_ms": 0.07071722222222225,
      "max_ms": 1.461
    }
  }
}