{
  "total_ms": 135.1485,
  "timings": {
    "build_elevation_cache": {
      "count": 1,
      "total_ms": 1.706,
      "avg_ms": 1.706,
      "max_ms": 1.706
    },
    "build_elevation_cache.frame_states": {
      "count": 1,
      "total_ms": 0.0809,
      "avg_ms": 0.0809,
      "max_ms": 0.0809
    },
    "build_elevation_cache.geometry": {
      "count": 1,
      "total_ms": 1.6092000000000002,
      "avg_ms": 1.6092000000000002,
      "max_ms": 1.6092000000000002
    },
    "build_route_cache": {
      "count": 1,
      "total_ms": 1.9575,
      "avg_ms": 1.9575,
      "max_ms": 1.9575
    },
    "build_route_cache.frame_states": {
      "count": 1,
      "total_ms": 0.0552,
      "avg_ms": 0.0552,
      "max_ms": 0.0552
    },
    "build_route_cache.geometry": {
      "count": 1,
      "total_ms": 1.8891,
      "avg_ms": 1.8891,
      "max_ms": 1.8891
    },
    "create_base_image": {
      "count": 1,
      "total_ms": 0.058100000000000006,
      "avg_ms": 0.058100000000000006,
      "max_ms": 0.058100000000000006
    },
    "prepare.surface.clear": {
      "alt_name": "surface.clear",
      "count": 1,
      "total_ms": 1.5981999999999998,
      "avg_ms": 1.5981999999999998,
      "max_ms": 1.5981999999999998
    },
    "prepare_render_assets.total": {
      "count": 1,
      "total_ms": 131.26579999999998,
      "avg_ms": 131.26579999999998,
      "max_ms": 131.26579999999998
    },
    "text.static.cache": {
      "count": 1,
      "total_ms": 129.57379999999998,
      "avg_ms": 129.57379999999998,
      "max_ms": 129.57379999999998
    }
  },
  "label_cache_status": "miss"
}