{
  "phase": "phase_6",
  "timestamp": "2026-04-25T22:56:44",
  "overlay_filename": "H:\\tools\\cyclemetry\\backend\\public\\video_1777150570.mov",
  "fps": 30.0,
  "width": 3840,
  "height": 2160,
  "total_frames": 900,
  "rendered_frames": 900,
  "total_time_taken": 33.97,
  "sample_frame_indices": [],
  "timings": {
    "base.restore": {
      "count": 900,
      "total_ms": 2943.7768999999967,
      "avg_ms": 3.2708632222222187,
      "max_ms": 17.7774
    },
    "buffer.acquire_wait": {
      "count": 900,
      "total_ms": 0.8142000000000073,
      "avg_ms": 0.0009046666666666747,
      "max_ms": 0.0135
    },
    "buffer.release_wait": {
      "count": 900,
      "total_ms": 2.147100000000002,
      "avg_ms": 0.0023856666666666687,
      "max_ms": 0.0184
    },
    "composite.elevation": {
      "count": 900,
      "total_ms": 6513.321799999997,
      "avg_ms": 7.237024222222219,
      "max_ms": 12.583
    },
    "composite.route": {
      "count": 900,
      "total_ms": 699.0220000000004,
      "avg_ms": 0.7766911111111116,
      "max_ms": 1.6208
    },
    "encoder.queue_wait": {
      "count": 901,
      "total_ms": 27953.8997,
      "avg_ms": 31.025415871254165,
      "max_ms": 45.7529
    },
    "ffmpeg.write": {
      "count": 900,
      "total_ms": 5871.508900000006,
      "avg_ms": 6.523898777777784,
      "max_ms": 13.1044
    },
    "frame.draw": {
      "count": 900,
      "total_ms": 30849.821299999996,
      "avg_ms": 34.277579222222215,
      "max_ms": 48.7475
    },
    "frame.total": {
      "count": 900,
      "total_ms": 33827.670399999995,
      "avg_ms": 37.58630044444444,
      "max_ms": 53.638999999999996
    },
    "queue.put_wait": {
      "count": 900,
      "total_ms": 8.053199999999997,
      "avg_ms": 0.008947999999999996,
      "max_ms": 0.4634
    },
    "surface.create": {
      "count": 900,
      "total_ms": 6.568199999999988,
      "avg_ms": 0.007297999999999986,
      "max_ms": 0.0919
    },
    "surface.restore": {
      "count": 900,
      "total_ms": 2943.7768999999967,
      "avg_ms": 3.2708632222222187,
      "max_ms": 17.7774
    },
    "text.dynamic": {
      "count": 900,
      "total_ms": 23506.35649999998,
      "avg_ms": 26.118173888888865,
      "max_ms": 38.589400000000005
    },
    "text.elevation_label": {
      "count": 900,
      "total_ms": 42.96599999999996,
      "avg_ms": 0.047739999999999956,
      "max_ms": 2.749
    }
  }
}