{
  "phase": "phase_6",
  "timestamp": "2026-04-25T12:14:30",
  "overlay_filename": "H:\\tools\\cyclemetry\\backend\\public\\video_1777112032.mov",
  "fps": 30.0,
  "width": 3840,
  "height": 2160,
  "total_frames": 900,
  "rendered_frames": 900,
  "total_time_taken": 38.247,
  "sample_frame_indices": [],
  "timings": {
    "base.restore": {
      "count": 900,
      "total_ms": 2600.0446999999976,
      "avg_ms": 2.888938555555553,
      "max_ms": 9.558
    },
    "buffer.acquire_wait": {
      "count": 900,
      "total_ms": 13658.964400000006,
      "avg_ms": 15.176627111111118,
      "max_ms": 84.8123
    },
    "buffer.release_wait": {
      "count": 900,
      "total_ms": 6.779300000000012,
      "avg_ms": 0.007532555555555568,
      "max_ms": 0.0298
    },
    "composite.elevation": {
      "count": 900,
      "total_ms": 7901.935799999998,
      "avg_ms": 8.779928666666665,
      "max_ms": 28.372899999999998
    },
    "composite.route": {
      "count": 900,
      "total_ms": 926.9865999999996,
      "avg_ms": 1.0299851111111107,
      "max_ms": 3.2271
    },
    "encoder.queue_wait": {
      "count": 901,
      "total_ms": 26.82149999999998,
      "avg_ms": 0.029768590455049922,
      "max_ms": 26.044999999999998
    },
    "ffmpeg.write": {
      "count": 900,
      "total_ms": 37482.26600000004,
      "avg_ms": 41.646962222222264,
      "max_ms": 298.3557
    },
    "frame.draw": {
      "count": 900,
      "total_ms": 20767.95610000001,
      "avg_ms": 23.07550677777779,
      "max_ms": 48.1655
    },
    "frame.total": {
      "count": 900,
      "total_ms": 37053.699300000015,
      "avg_ms": 41.170777000000015,
      "max_ms": 115.39779999999999
    },
    "queue.put_wait": {
      "count": 900,
      "total_ms": 1.5541000000000031,
      "avg_ms": 0.0017267777777777813,
      "max_ms": 0.0133
    },
    "surface.create": {
      "count": 900,
      "total_ms": 6.183600000000003,
      "avg_ms": 0.00687066666666667,
      "max_ms": 0.0359
    },
    "surface.restore": {
      "count": 900,
      "total_ms": 2600.0446999999976,
      "avg_ms": 2.888938555555553,
      "max_ms": 9.558
    },
    "text.dynamic": {
      "count": 900,
      "total_ms": 11887.476999999983,
      "avg_ms": 13.208307777777758,
      "max_ms": 27.1144
    }
  }
}