{
  "phase": "phase_6",
  "timestamp": "2026-04-25T02:35:07",
  "overlay_filename": "H:\\tools\\cyclemetry\\backend\\public\\video_1777077273.mov",
  "fps": 30.0,
  "width": 3840,
  "height": 2160,
  "total_frames": 900,
  "rendered_frames": 900,
  "total_time_taken": 34.854,
  "sample_frame_indices": [],
  "timings": {
    "base.restore": {
      "count": 900,
      "total_ms": 2769.775999999999,
      "avg_ms": 3.077528888888888,
      "max_ms": 9.2735
    },
    "buffer.acquire_wait": {
      "count": 900,
      "total_ms": 21353.988700000005,
      "avg_ms": 23.726654111111117,
      "max_ms": 283.4948
    },
    "buffer.release_wait": {
      "count": 900,
      "total_ms": 10.430400000000006,
      "avg_ms": 0.01158933333333334,
      "max_ms": 0.0758
    },
    "composite.elevation": {
      "count": 900,
      "total_ms": 7622.012700000013,
      "avg_ms": 8.468903000000015,
      "max_ms": 15.7347
    },
    "composite.route": {
      "count": 900,
      "total_ms": 1293.6140999999998,
      "avg_ms": 1.4373489999999998,
      "max_ms": 2.8321
    },
    "encoder.queue_wait": {
      "count": 901,
      "total_ms": 21.249600000000527,
      "avg_ms": 0.02358446170921257,
      "max_ms": 20.135
    },
    "ffmpeg.write": {
      "count": 900,
      "total_ms": 34105.8271,
      "avg_ms": 37.89536344444445,
      "max_ms": 333.9502
    },
    "frame.draw": {
      "count": 900,
      "total_ms": 9816.666399999991,
      "avg_ms": 10.907407111111102,
      "max_ms": 19.665200000000002
    },
    "frame.total": {
      "count": 900,
      "total_ms": 33974.10789999998,
      "avg_ms": 37.74900877777775,
      "max_ms": 294.0428
    },
    "queue.put_wait": {
      "count": 900,
      "total_ms": 1.1188000000000027,
      "avg_ms": 0.001243111111111114,
      "max_ms": 0.0257
    },
    "surface.create": {
      "count": 900,
      "total_ms": 8.90259999999999,
      "avg_ms": 0.009891777777777767,
      "max_ms": 0.0316
    },
    "surface.restore": {
      "count": 900,
      "total_ms": 2769.775999999999,
      "avg_ms": 3.077528888888888,
      "max_ms": 9.2735
    },
    "text.dynamic": {
      "count": 900,
      "total_ms": 835.8968999999998,
      "avg_ms": 0.9287743333333331,
      "max_ms": 2.8184
    }
  }
}
