{
  "total_ms": 15.4526,
  "timings": {
    "build_elevation_cache": {
      "count": 1,
      "total_ms": 1.5904999999999998,
      "avg_ms": 1.5904999999999998,
      "max_ms": 1.5904999999999998
    },
    "build_elevation_cache.frame_states": {
      "count": 1,
      "total_ms": 0.0955,
      "avg_ms": 0.0955,
      "max_ms": 0.0955
    },
    "build_elevation_cache.geometry": {
      "count": 1,
      "total_ms": 1.4895,
      "avg_ms": 1.4895,
      "max_ms": 1.4895
    },
    "build_route_cache": {
      "count": 1,
      "total_ms": 2.0455,
      "avg_ms": 2.0455,
      "max_ms": 2.0455
    },
    "build_route_cache.frame_states": {
      "count": 1,
      "total_ms": 0.0515,
      "avg_ms": 0.0515,
      "max_ms": 0.0515
    },
    "build_route_cache.geometry": {
      "count": 1,
      "total_ms": 1.9867000000000001,
      "avg_ms": 1.9867000000000001,
      "max_ms": 1.9867000000000001
    },
    "create_base_image": {
      "count": 2,
      "total_ms": 0.017900000000000003,
      "avg_ms": 0.008950000000000001,
      "max_ms": 0.015000000000000001
    },
    "prepare.surface.clear": {
      "alt_name": "surface.clear",
      "count": 1,
      "total_ms": 4.7328,
      "avg_ms": 4.7328,
      "max_ms": 4.7328
    },
    "prepare_render_assets.total": {
      "count": 1,
      "total_ms": 5.6907,
      "avg_ms": 5.6907,
      "max_ms": 5.6907
    },
    "text.static.cache": {
      "count": 2,
      "total_ms": 6.842099999999999,
      "avg_ms": 3.4210499999999997,
      "max_ms": 5.9102
    }
  },
  "label_cache_status": "miss"
}