{
  "total_ms": 9.873099999999999,
  "timings": {
    "build_elevation_cache": {
      "count": 1,
      "total_ms": 1.7376,
      "avg_ms": 1.7376,
      "max_ms": 1.7376
    },
    "build_elevation_cache.frame_states": {
      "count": 1,
      "total_ms": 0.12290000000000001,
      "avg_ms": 0.12290000000000001,
      "max_ms": 0.12290000000000001
    },
    "build_elevation_cache.geometry": {
      "count": 1,
      "total_ms": 1.6004,
      "avg_ms": 1.6004,
      "max_ms": 1.6004
    },
    "build_route_cache": {
      "count": 1,
      "total_ms": 1.3166,
      "avg_ms": 1.3166,
      "max_ms": 1.3166
    },
    "build_route_cache.frame_states": {
      "count": 1,
      "total_ms": 0.0927,
      "avg_ms": 0.0927,
      "max_ms": 0.0927
    },
    "build_route_cache.geometry": {
      "count": 1,
      "total_ms": 1.2042000000000002,
      "avg_ms": 1.2042000000000002,
      "max_ms": 1.2042000000000002
    },
    "create_base_image": {
      "count": 2,
      "total_ms": 0.0738,
      "avg_ms": 0.0369,
      "max_ms": 0.06760000000000001
    },
    "prepare.surface.clear": {
      "alt_name": "surface.clear",
      "count": 1,
      "total_ms": 1.4076,
      "avg_ms": 1.4076,
      "max_ms": 1.4076
    },
    "prepare_render_assets.total": {
      "count": 1,
      "total_ms": 4.597,
      "avg_ms": 4.597,
      "max_ms": 4.597
    },
    "text.static.cache": {
      "count": 2,
      "total_ms": 5.0717,
      "avg_ms": 2.53585,
      "max_ms": 3.0955000000000004
    }
  },
  "label_cache_status": "miss"
}