{
  "phase": "phase_6",
  "timestamp": "2026-04-25T11:43:33",
  "overlay_filename": "H:\\tools\\cyclemetry\\backend\\public\\video_1777110185.mov",
  "fps": 30.0,
  "width": 3840,
  "height": 2160,
  "total_frames": 900,
  "rendered_frames": 900,
  "total_time_taken": 27.989,
  "sample_frame_indices": [],
  "timings": {
    "base.restore": {
      "count": 900,
      "total_ms": 3093.9185999999963,
      "avg_ms": 3.4376873333333293,
      "max_ms": 9.379
    },
    "buffer.acquire_wait": {
      "count": 900,
      "total_ms": 11598.676700000002,
      "avg_ms": 12.887418555555557,
      "max_ms": 420.8839
    },
    "buffer.release_wait": {
      "count": 900,
      "total_ms": 8.748200000000008,
      "avg_ms": 0.00972022222222223,
      "max_ms": 0.0268
    },
    "composite.elevation": {
      "count": 900,
      "total_ms": 10080.761100000002,
      "avg_ms": 11.200845666666668,
      "max_ms": 38.1559
    },
    "composite.route": {
      "count": 900,
      "total_ms": 1343.1488999999992,
      "avg_ms": 1.4923876666666658,
      "max_ms": 3.6334
    },
    "encoder.queue_wait": {
      "count": 901,
      "total_ms": 17.958000000000176,
      "avg_ms": 0.019931187569367566,
      "max_ms": 16.9234
    },
    "ffmpeg.write": {
      "count": 900,
      "total_ms": 27472.949299999997,
      "avg_ms": 30.52549922222222,
      "max_ms": 433.7544
    },
    "frame.draw": {
      "count": 900,
      "total_ms": 12364.5738,
      "avg_ms": 13.738415333333334,
      "max_ms": 40.7909
    },
    "frame.total": {
      "count": 900,
      "total_ms": 27097.99050000003,
      "avg_ms": 30.108878333333365,
      "max_ms": 434.4313
    },
    "queue.put_wait": {
      "count": 900,
      "total_ms": 3.3115999999999963,
      "avg_ms": 0.0036795555555555514,
      "max_ms": 0.039700000000000006
    },
    "surface.create": {
      "count": 900,
      "total_ms": 7.249700000000004,
      "avg_ms": 0.008055222222222228,
      "max_ms": 0.0915
    },
    "surface.restore": {
      "count": 900,
      "total_ms": 3093.9185999999963,
      "avg_ms": 3.4376873333333293,
      "max_ms": 9.379
    },
    "text.dynamic": {
      "count": 900,
      "total_ms": 870.5660999999997,
      "avg_ms": 0.9672956666666663,
      "max_ms": 4.4661
    }
  }
}