{
  "frame_count": 5,
  "seconds": [
    600,
    607,
    615,
    622,
    629
  ],
  "total_ms_sum": 1731.7601,
  "total_ms_avg": 346.35202,
  "total_ms_min": 308.028,
  "total_ms_max": 471.8367,
  "surface_ms_avg": 4.128360000000001,
  "label_layer_ms_avg": 4.189780000000001,
  "value_draw_ms_avg": 0.8093199999999999,
  "png_write_ms_avg": 228.64702000000003,
  "prepare_timings_avg": {
    "build_elevation_cache": {
      "count": 5,
      "total_ms": 366.0941,
      "avg_ms": 73.21882000000001,
      "max_ms": 77.6285
    },
    "build_route_cache": {
      "count": 5,
      "total_ms": 12.032,
      "avg_ms": 2.4064,
      "max_ms": 3.356
    },
    "create_base_image": {
      "count": 1,
      "total_ms": 0.0383,
      "avg_ms": 0.0383,
      "max_ms": 0.0383
    },
    "prepare.surface.clear": {
      "count": 1,
      "total_ms": 4.3597,
      "avg_ms": 4.3597,
      "max_ms": 4.3597
    },
    "prepare_render_assets.total": {
      "count": 1,
      "total_ms": 146.9296,
      "avg_ms": 146.9296,
      "max_ms": 146.9296
    },
    "text.static.cache": {
      "count": 1,
      "total_ms": 142.5099,
      "avg_ms": 142.5099,
      "max_ms": 142.5099
    }
  },
  "frame_timings_avg": {
    "base.restore": {
      "count": 5,
      "total_ms": 20.948900000000002,
      "avg_ms": 4.189780000000001,
      "max_ms": 4.516
    },
    "composite.elevation": {
      "count": 5,
      "total_ms": 13.7558,
      "avg_ms": 2.75116,
      "max_ms": 2.8411
    },
    "composite.route": {
      "count": 5,
      "total_ms": 2.4930000000000003,
      "avg_ms": 0.49860000000000004,
      "max_ms": 0.6153000000000001
    },
    "frame.draw": {
      "count": 5,
      "total_ms": 41.5266,
      "avg_ms": 8.30532,
      "max_ms": 10.1152
    },
    "text.dynamic": {
      "count": 5,
      "total_ms": 4.0466,
      "avg_ms": 0.8093199999999999,
      "max_ms": 2.2655000000000003
    }
  },
  "preview_only_timings_avg": {
    "preview.png_write": {
      "count": 5,
      "total_ms": 1143.2351,
      "avg_ms": 228.64702000000003,
      "max_ms": 235.3076
    },
    "preview.surface.create_clear": {
      "count": 5,
      "total_ms": 20.641800000000003,
      "avg_ms": 4.128360000000001,
      "max_ms": 4.3541
    }
  },
  "reports": [
    {
      "second": 600,
      "frame_index": 0,
      "width": 3840,
      "height": 2160,
      "total_ms": 471.8367,
      "surface_ms": 4.3541,
      "label_layer_ms": 4.516,
      "value_draw_ms": 2.2655000000000003,
      "png_write_ms": 233.4968,
      "value_count": 4,
      "label_count": 3,
      "label_cache_status": "miss",
      "route_widget": {
        "geometry": {
          "point_count": 159,
          "bbox": [
            0.0,
            0.0,
            1100.0,
            900.0
          ],
          "widget_width": 1100,
          "widget_height": 900,
          "rotation_deg": 15.0
        },
        "frame": {
          "progress01": 0.048948124,
          "marker_x": 605.9032,
          "marker_y": 634.99786,
          "marker_abs_x": 531.87933,
          "marker_abs_y": 454.2254
        }
      },
      "elevation_widget": {
        "geometry": {
          "point_count": 1862,
          "bbox": [
            0.0,
            0.0,
            1300.0,
            650.0
          ],
          "widget_width": 1300,
          "widget_height": 650,
          "rotation_deg": 0.0
        },
        "frame": {
          "progress01": 0.048948124,
          "marker_x": 63.632565,
          "marker_y": 551.545,
          "marker_abs_x": 103.63257,
          "marker_abs_y": 1986.5449
        }
      },
      "prepare_timings": {
        "build_elevation_cache": {
          "count": 1,
          "total_ms": 74.6465,
          "avg_ms": 74.6465,
          "max_ms": 74.6465
        },
        "build_route_cache": {
          "count": 1,
          "total_ms": 2.0223,
          "avg_ms": 2.0223,
          "max_ms": 2.0223
        },
        "create_base_image": {
          "count": 1,
          "total_ms": 0.0383,
          "avg_ms": 0.0383,
          "max_ms": 0.0383
        },
        "prepare.surface.clear": {
          "alt_name": "surface.clear",
          "count": 1,
          "total_ms": 4.3597,
          "avg_ms": 4.3597,
          "max_ms": 4.3597
        },
        "prepare_render_assets.total": {
          "count": 1,
          "total_ms": 146.9296,
          "avg_ms": 146.9296,
          "max_ms": 146.9296
        },
        "text.static.cache": {
          "count": 1,
          "total_ms": 142.5099,
          "avg_ms": 142.5099,
          "max_ms": 142.5099
        }
      },
      "frame_timings": {
        "base.restore": {
          "alt_name": "base.copy",
          "count": 1,
          "total_ms": 4.516,
          "avg_ms": 4.516,
          "max_ms": 4.516
        },
        "composite.elevation": {
          "count": 1,
          "total_ms": 2.7296,
          "avg_ms": 2.7296,
          "max_ms": 2.7296
        },
        "composite.route": {
          "count": 1,
          "total_ms": 0.5405,
          "avg_ms": 0.5405,
          "max_ms": 0.5405
        },
        "frame.draw": {
          "count": 1,
          "total_ms": 10.1152,
          "avg_ms": 10.1152,
          "max_ms": 10.1152
        },
        "text.dynamic": {
          "count": 1,
          "total_ms": 2.2655000000000003,
          "avg_ms": 2.2655000000000003,
          "max_ms": 2.2655000000000003
        }
      },
      "preview_only_timings": {
        "preview.png_write": {
          "alt_name": "png.write",
          "count": 1,
          "total_ms": 233.4968,
          "avg_ms": 233.4968,
          "max_ms": 233.4968
        },
        "preview.surface.create_clear": {
          "alt_name": "surface.clear",
          "count": 1,
          "total_ms": 4.3541,
          "avg_ms": 4.3541,
          "max_ms": 4.3541
        }
      }
    },
    {
      "second": 607,
      "frame_index": 210,
      "width": 3840,
      "height": 2160,
      "total_ms": 323.6795,
      "surface_ms": 4.334700000000001,
      "label_layer_ms": 3.9879,
      "value_draw_ms": 0.2329,
      "png_write_ms": 235.3076,
      "value_count": 4,
      "label_count": 3,
      "label_cache_status": "hit",
      "route_widget": {
        "geometry": {
          "point_count": 159,
          "bbox": [
            0.0,
            0.0,
            1100.0,
            900.0
          ],
          "widget_width": 1100,
          "widget_height": 900,
          "rotation_deg": 15.0
        },
        "frame": {
          "progress01": 0.049569804,
          "marker_x": 605.8016,
          "marker_y": 635.8724,
          "marker_abs_x": 532.0075,
          "marker_abs_y": 455.09644
        }
      },
      "elevation_widget": {
        "geometry": {
          "point_count": 1862,
          "bbox": [
            0.0,
            0.0,
            1300.0,
            650.0
          ],
          "widget_width": 1300,
          "widget_height": 650,
          "rotation_deg": 0.0
        },
        "frame": {
          "progress01": 0.049569804,
          "marker_x": 64.44075,
          "marker_y": 551.4698,
          "marker_abs_x": 104.44075,
          "marker_abs_y": 1986.4697
        }
      },
      "prepare_timings": {
        "build_elevation_cache": {
          "count": 1,
          "total_ms": 72.9831,
          "avg_ms": 72.9831,
          "max_ms": 72.9831
        },
        "build_route_cache": {
          "count": 1,
          "total_ms": 3.356,
          "avg_ms": 3.356,
          "max_ms": 3.356
        }
      },
      "frame_timings": {
        "base.restore": {
          "alt_name": "base.copy",
          "count": 1,
          "total_ms": 3.9879,
          "avg_ms": 3.9879,
          "max_ms": 3.9879
        },
        "composite.elevation": {
          "count": 1,
          "total_ms": 2.7131,
          "avg_ms": 2.7131,
          "max_ms": 2.7131
        },
        "composite.route": {
          "count": 1,
          "total_ms": 0.4392,