{
  "frame_count": 5,
  "seconds": [
    600,
    607,
    615,
    622,
    629
  ],
  "total_ms_sum": 1652.1823,
  "total_ms_avg": 330.43646,
  "total_ms_min": 300.7775,
  "total_ms_max": 439.2993,
  "surface_ms_avg": 3.8851799999999996,
  "label_layer_ms_avg": 4.18462,
  "value_draw_ms_avg": 0.73558,
  "png_write_ms_avg": 222.58859999999999,
  "prepare_timings_avg": {
    "build_elevation_cache": {
      "count": 5,
      "total_ms": 335.7941,
      "avg_ms": 67.15882,
      "max_ms": 69.6546
    },
    "build_route_cache": {
      "count": 5,
      "total_ms": 9.9847,
      "avg_ms": 1.99694,
      "max_ms": 2.1229999999999998
    },
    "create_base_image": {
      "count": 1,
      "total_ms": 0.0327,
      "avg_ms": 0.0327,
      "max_ms": 0.0327
    },
    "prepare.surface.clear": {
      "count": 1,
      "total_ms": 3.8533,
      "avg_ms": 3.8533,
      "max_ms": 3.8533
    },
    "prepare_render_assets.total": {
      "count": 1,
      "total_ms": 129.7297,
      "avg_ms": 129.7297,
      "max_ms": 129.7297
    },
    "text.static.cache": {
      "count": 1,
      "total_ms": 125.8215,
      "avg_ms": 125.8215,
      "max_ms": 125.8215
    }
  },
  "frame_timings_avg": {
    "base.restore": {
      "count": 5,
      "total_ms": 20.923099999999998,
      "avg_ms": 4.18462,
      "max_ms": 4.6453
    },
    "composite.elevation": {
      "count": 5,
      "total_ms": 16.302799999999998,
      "avg_ms": 3.2605599999999995,
      "max_ms": 5.9429
    },
    "composite.route": {
      "count": 5,
      "total_ms": 2.2637,
      "avg_ms": 0.45274000000000003,
      "max_ms": 0.5096999999999999
    },
    "frame.draw": {
      "count": 5,
      "total_ms": 43.412,
      "avg_ms": 8.6824,
      "max_ms": 10.9739
    },
    "text.dynamic": {
      "count": 5,
      "total_ms": 3.6779,
      "avg_ms": 0.73558,
      "max_ms": 2.225
    }
  },
  "preview_only_timings_avg": {
    "preview.png_write": {
      "count": 5,
      "total_ms": 1112.943,
      "avg_ms": 222.58859999999999,
      "max_ms": 228.41490000000002
    },
    "preview.surface.create_clear": {
      "count": 5,
      "total_ms": 19.4259,
      "avg_ms": 3.8851799999999996,
      "max_ms": 4.2021999999999995
    }
  },
  "reports": [
    {
      "second": 600,
      "frame_index": 0,
      "width": 3840,
      "height": 2160,
      "total_ms": 439.2993,
      "surface_ms": 3.8062,
      "label_layer_ms": 3.7091,
      "value_draw_ms": 2.225,
      "png_write_ms": 228.41490000000002,
      "value_count": 4,
      "label_count": 3,
      "label_cache_status": "miss",
      "route_widget": {
        "geometry": {
          "point_count": 159,
          "bbox": [
            0.0,
            0.0,
            1100.0,
            900.0
          ],
          "widget_width": 1100,
          "widget_height": 900,
          "rotation_deg": 15.0
        },
        "frame": {
          "progress01": 0.048948124,
          "marker_x": 605.9032,
          "marker_y": 634.99786,
          "marker_abs_x": 531.87933,
          "marker_abs_y": 454.2254
        }
      },
      "elevation_widget": {
        "geometry": {
          "point_count": 1862,
          "bbox": [
            0.0,
            0.0,
            1300.0,
            650.0
          ],
          "widget_width": 1300,
          "widget_height": 650,
          "rotation_deg": 0.0
        },
        "frame": {
          "progress01": 0.048948124,
          "marker_x": 63.632565,
          "marker_y": 551.545,
          "marker_abs_x": 103.63257,
          "marker_abs_y": 1986.5449
        }
      },
      "prepare_timings": {
        "build_elevation_cache": {
          "count": 1,
          "total_ms": 65.9114,
          "avg_ms": 65.9114,
          "max_ms": 65.9114
        },
        "build_route_cache": {
          "count": 1,
          "total_ms": 1.9610999999999998,
          "avg_ms": 1.9610999999999998,
          "max_ms": 1.9610999999999998
        },
        "create_base_image": {
          "count": 1,
          "total_ms": 0.0327,
          "avg_ms": 0.0327,
          "max_ms": 0.0327
        },
        "prepare.surface.clear": {
          "count": 1,
          "total_ms": 3.8533,
          "avg_ms": 3.8533,
          "max_ms": 3.8533
        },
        "prepare_render_assets.total": {
          "count": 1,
          "total_ms": 129.7297,
          "avg_ms": 129.7297,
          "max_ms": 129.7297
        },
        "text.static.cache": {
          "count": 1,
          "total_ms": 125.8215,
          "avg_ms": 125.8215,
          "max_ms": 125.8215
        }
      },
      "frame_timings": {
        "base.restore": {
          "count": 1,
          "total_ms": 3.7091,
          "avg_ms": 3.7091,
          "max_ms": 3.7091
        },
        "composite.elevation": {
          "count": 1,
          "total_ms": 2.7667,
          "avg_ms": 2.7667,
          "max_ms": 2.7667
        },
        "composite.route": {
          "count": 1,
          "total_ms": 0.5096999999999999,
          "avg_ms": 0.5096999999999999,
          "max_ms": 0.5096999999999999
        },
        "frame.draw": {
          "count": 1,
          "total_ms": 9.2541,
          "avg_ms": 9.2541,
          "max_ms": 9.2541
        },
        "text.dynamic": {
          "count": 1,
          "total_ms": 2.225,
          "avg_ms": 2.225,
          "max_ms": 2.225
        }
      },
      "preview_only_timings": {
        "preview.png_write": {
          "count": 1,
          "total_ms": 228.41490000000002,
          "avg_ms": 228.41490000000002,
          "max_ms": 228.41490000000002
        },
        "preview.surface.create_clear": {
          "count": 1,
          "total_ms": 3.8062,
          "avg_ms": 3.8062,
          "max_ms": 3.8062
        }
      }
    },
    {
      "second": 607,
      "frame_index": 210,
      "width": 3840,
      "height": 2160,
      "total_ms": 301.197,
      "surface_ms": 3.9676,
      "label_layer_ms": 4.1915,
      "value_draw_ms": 0.2364,
      "png_write_ms": 219.40689999999998,
      "value_count": 4,
      "label_count": 3,
      "label_cache_status": "hit",
      "route_widget": {
        "geometry": {
          "point_count": 159,
          "bbox": [
            0.0,
            0.0,
            1100.0,
            900.0
          ],
          "widget_width": 1100,
          "widget_height": 900,
          "rotation_deg": 15.0
        },
        "frame": {
          "progress01": 0.049569804,
          "marker_x": 605.8016,
          "marker_y": 635.8724,
          "marker_abs_x": 532.0075,
          "marker_abs_y": 455.09644
        }
      },
      "elevation_widget": {
        "geometry": {
          "point_count": 1862,
          "bbox": [
            0.0,
            0.0,
            1300.0,
            650.0
          ],
          "widget_width": 1300,
          "widget_height": 650,
          "rotation_deg": 0.0
        },
        "frame": {
          "progress01": 0.049569804,
          "marker_x": 64.44075,
          "marker_y": 551.4698,
          "marker_abs_x": 104.44075,
          "marker_abs_y": 1986.4697
        }
      },
      "prepare_timings": {
        "build_elevation_cache": {
          "count": 1,
          "total_ms": 68.081,
          "avg_ms": 68.081,
          "max_ms": 68.081
        },
        "build_route_cache": {
          "count": 1,
          "total_ms": 2.0446,
          "avg_ms": 2.0446,
          "max_ms": 2.0446
        }
      },
      "frame_timings": {
        "base.restore": {
          "count": 1,
          "total_ms": 4.1915,
          "avg_ms": 4.1915,
          "max_ms": 4.1915
        },
        "composite.elevation": {
          "count": 1,
          "total_ms": 2.6048999999999998,
          "avg_ms": 2.6048999999999998,
          "max_ms": 2.6048999999999998
        },
        "composite.route": {
          "count": 1,
          "total_ms": 0.4401,
          "avg_ms": 0.4401,
          "max_ms": 0.4401
        },
        "frame.draw": {
          "count": 1,