{
  "total_ms": 19.455299999999998,
  "timings": {
    "build_elevation_cache": {
      "count": 1,
      "total_ms": 2.6334,
      "avg_ms": 2.6334,
      "max_ms": 2.6334
    },
    "build_elevation_cache.frame_states": {
      "count": 1,
      "total_ms": 0.0635,
      "avg_ms": 0.0635,
      "max_ms": 0.0635
    },
    "build_elevation_cache.geometry": {
      "count": 1,
      "total_ms": 2.5639,
      "avg_ms": 2.5639,
      "max_ms": 2.5639
    },
    "build_route_cache": {
      "count": 1,
      "total_ms": 2.4655,
      "avg_ms": 2.4655,
      "max_ms": 2.4655
    },
    "build_route_cache.frame_states": {
      "count": 1,
      "total_ms": 0.050300000000000004,
      "avg_ms": 0.050300000000000004,
      "max_ms": 0.050300000000000004
    },
    "build_route_cache.geometry": {
      "count": 1,
      "total_ms": 2.4034999999999997,
      "avg_ms": 2.4034999999999997,
      "max_ms": 2.4034999999999997
    },
    "create_base_image": {
      "count": 1,
      "total_ms": 0.0063999999999999994,
      "avg_ms": 0.0063999999999999994,
      "max_ms": 0.0063999999999999994
    },
    "text.static.cache": {
      "count": 1,
      "total_ms": 10.8435,
      "avg_ms": 10.8435,
      "max_ms": 10.8435
    }
  },
  "label_cache_status": "hit"
}