{
  "phase": "phase_6",
  "timestamp": "2026-04-25T21:54:32",
  "overlay_filename": "H:\\tools\\cyclemetry\\backend\\public\\video_1777146845.mov",
  "fps": 30.0,
  "width": 3840,
  "height": 2160,
  "total_frames": 900,
  "rendered_frames": 900,
  "total_time_taken": 26.616,
  "sample_frame_indices": [],
  "timings": {
    "base.restore": {
      "count": 900,
      "total_ms": 4337.671700000001,
      "avg_ms": 4.819635222222223,
      "max_ms": 38.353
    },
    "buffer.acquire_wait": {
      "count": 900,
      "total_ms": 3.175300000000002,
      "avg_ms": 0.003528111111111113,
      "max_ms": 2.0016000000000003
    },
    "buffer.release_wait": {
      "count": 900,
      "total_ms": 2.6563999999999957,
      "avg_ms": 0.0029515555555555506,
      "max_ms": 0.041999999999999996
    },
    "composite.elevation": {
      "count": 900,
      "total_ms": 2885.3495,
      "avg_ms": 3.2059438888888887,
      "max_ms": 16.0428
    },
    "composite.route": {
      "count": 900,
      "total_ms": 749.6169999999993,
      "avg_ms": 0.832907777777777,
      "max_ms": 9.337299999999999
    },
    "encoder.queue_wait": {
      "count": 901,
      "total_ms": 18540.096199999996,
      "avg_ms": 20.57724328523862,
      "max_ms": 49.153099999999995
    },
    "ffmpeg.write": {
      "count": 900,
      "total_ms": 7898.741799999998,
      "avg_ms": 8.776379777777775,
      "max_ms": 78.6076
    },
    "frame.draw": {
      "count": 900,
      "total_ms": 21958.406699999996,
      "avg_ms": 24.398229666666662,
      "max_ms": 54.8561
    },
    "frame.total": {
      "count": 900,
      "total_ms": 26434.072499999966,
      "avg_ms": 29.37119166666663,
      "max_ms": 63.4108
    },
    "queue.put_wait": {
      "count": 900,
      "total_ms": 88.81750000000001,
      "avg_ms": 0.09868611111111113,
      "max_ms": 27.6484
    },
    "surface.create": {
      "count": 900,
      "total_ms": 12.284399999999994,
      "avg_ms": 0.013649333333333328,
      "max_ms": 0.3109
    },
    "surface.restore": {
      "count": 900,
      "total_ms": 4337.671700000001,
      "avg_ms": 4.819635222222223,
      "max_ms": 38.353
    },
    "text.dynamic": {
      "count": 900,
      "total_ms": 18234.73669999997,
      "avg_ms": 20.26081855555552,
      "max_ms": 51.2396
    },
    "text.elevation_label": {
      "count": 900,
      "total_ms": 36.82139999999993,
      "avg_ms": 0.04091266666666659,
      "max_ms": 0.7916000000000001
    }
  }
}