{
  "phase": "phase_6",
  "timestamp": "2026-04-25T14:21:55",
  "overlay_filename": "H:\\tools\\cyclemetry\\backend\\public\\video_1777119680.mov",
  "fps": 30.0,
  "width": 3840,
  "height": 2160,
  "total_frames": 900,
  "rendered_frames": 900,
  "total_time_taken": 35.546,
  "sample_frame_indices": [],
  "timings": {
    "base.restore": {
      "count": 900,
      "total_ms": 2790.839200000004,
      "avg_ms": 3.100932444444449,
      "max_ms": 8.0574
    },
    "buffer.acquire_wait": {
      "count": 900,
      "total_ms": 20711.05979999999,
      "avg_ms": 23.012288666666656,
      "max_ms": 305.87510000000003
    },
    "buffer.release_wait": {
      "count": 900,
      "total_ms": 9.368399999999987,
      "avg_ms": 0.010409333333333319,
      "max_ms": 0.026
    },
    "composite.elevation": {
      "count": 900,
      "total_ms": 7354.837700000004,
      "avg_ms": 8.172041888888893,
      "max_ms": 15.285
    },
    "composite.route": {
      "count": 900,
      "total_ms": 1220.0452000000012,
      "avg_ms": 1.355605777777779,
      "max_ms": 2.2915
    },
    "encoder.queue_wait": {
      "count": 901,
      "total_ms": 19.16290000000045,
      "avg_ms": 0.021268479467259103,
      "max_ms": 17.944399999999998
    },
    "ffmpeg.write": {
      "count": 900,
      "total_ms": 34822.236700000016,
      "avg_ms": 38.69137411111113,
      "max_ms": 317.3699
    },
    "frame.draw": {
      "count": 900,
      "total_ms": 10824.056699999992,
      "avg_ms": 12.026729666666657,
      "max_ms": 20.264999999999997
    },
    "frame.total": {
      "count": 900,
      "total_ms": 34357.92610000004,
      "avg_ms": 38.17547344444449,
      "max_ms": 321.0387
    },
    "queue.put_wait": {
      "count": 900,
      "total_ms": 1.1952000000000003,
      "avg_ms": 0.0013280000000000002,
      "max_ms": 0.007700000000000001
    },
    "surface.create": {
      "count": 900,
      "total_ms": 8.830300000000015,
      "avg_ms": 0.009811444444444461,
      "max_ms": 0.0629
    },
    "surface.restore": {
      "count": 900,
      "total_ms": 2790.839200000004,
      "avg_ms": 3.100932444444449,
      "max_ms": 8.0574
    },
    "text.dynamic": {
      "count": 900,
      "total_ms": 2190.989899999998,
      "avg_ms": 2.43443322222222,
      "max_ms": 5.6243
    }
  }
}