{
  "total_ms": 175.4836,
  "timings": {
    "build_elevation_cache": {
      "count": 1,
      "total_ms": 1.4829999999999999,
      "avg_ms": 1.4829999999999999,
      "max_ms": 1.4829999999999999
    },
    "build_elevation_cache.frame_states": {
      "count": 1,
      "total_ms": 0.11270000000000001,
      "avg_ms": 0.11270000000000001,
      "max_ms": 0.11270000000000001
    },
    "build_elevation_cache.geometry": {
      "count": 1,
      "total_ms": 1.3558999999999999,
      "avg_ms": 1.3558999999999999,
      "max_ms": 1.3558999999999999
    },
    "build_route_cache": {
      "count": 1,
      "total_ms": 3.3266,
      "avg_ms": 3.3266,
      "max_ms": 3.3266
    },
    "build_route_cache.frame_states": {
      "count": 1,
      "total_ms": 0.091,
      "avg_ms": 0.091,
      "max_ms": 0.091
    },
    "build_route_cache.geometry": {
      "count": 1,
      "total_ms": 3.2093,
      "avg_ms": 3.2093,
      "max_ms": 3.2093
    },
    "create_base_image": {
      "count": 2,
      "total_ms": 0.0489,
      "avg_ms": 0.02445,
      "max_ms": 0.0414
    },
    "prepare.surface.clear": {
      "alt_name": "surface.clear",
      "count": 1,
      "total_ms": 5.3982,
      "avg_ms": 5.3982,
      "max_ms": 5.3982
    },
    "prepare_render_assets.total": {
      "count": 1,
      "total_ms": 169.96900000000002,
      "avg_ms": 169.96900000000002,
      "max_ms": 169.96900000000002
    },
    "text.static.cache": {
      "count": 2,
      "total_ms": 164.8817,
      "avg_ms": 82.44085,
      "max_ms": 164.4956
    }
  },
  "label_cache_status": "miss"
}