{
  "phase": "phase_6",
  "timestamp": "2026-04-24T22:58:52",
  "overlay_filename": "H:\\tools\\cyclemetry\\backend\\public\\video_1777064309.mov",
  "fps": 30.0,
  "width": 3840,
  "height": 2160,
  "total_frames": 900,
  "rendered_frames": 900,
  "total_time_taken": 22.686,
  "sample_frame_indices": [],
  "timings": {
    "base.restore": {
      "count": 900,
      "total_ms": 3614.950899999996,
      "avg_ms": 4.016612111111107,
      "max_ms": 29.4827
    },
    "buffer.acquire_wait": {
      "count": 900,
      "total_ms": 56.64889999999958,
      "avg_ms": 0.06294322222222175,
      "max_ms": 25.6246
    },
    "buffer.release_wait": {
      "count": 900,
      "total_ms": 2.015000000000015,
      "avg_ms": 0.0022388888888889053,
      "max_ms": 0.0253
    },
    "composite.elevation": {
      "count": 900,
      "total_ms": 16137.301300000001,
      "avg_ms": 17.93033477777778,
      "max_ms": 75.01960000000001
    },
    "composite.route": {
      "count": 900,
      "total_ms": 1463.8911999999991,
      "avg_ms": 1.6265457777777768,
      "max_ms": 19.1607
    },
    "encoder.queue_wait": {
      "count": 901,
      "total_ms": 13683.223999999986,
      "avg_ms": 15.186708102108753,
      "max_ms": 44.849199999999996
    },
    "ffmpeg.write": {
      "count": 900,
      "total_ms": 8839.37589999999,
      "avg_ms": 9.821528777777766,
      "max_ms": 51.5111
    },
    "frame.draw": {
      "count": 900,
      "total_ms": 18800.544000000016,
      "avg_ms": 20.889493333333352,
      "max_ms": 77.4323
    },
    "frame.total": {
      "count": 900,
      "total_ms": 22528.571700000037,
      "avg_ms": 25.031746333333373,
      "max_ms": 83.8719
    },
    "queue.put_wait": {
      "count": 900,
      "total_ms": 16.221500000000024,
      "avg_ms": 0.018023888888888916,
      "max_ms": 1.3934
    },
    "surface.create": {
      "count": 900,
      "total_ms": 12.421000000000008,
      "avg_ms": 0.01380111111111112,
      "max_ms": 3.9595000000000002
    },
    "surface.restore": {
      "count": 900,
      "total_ms": 3614.950899999996,
      "avg_ms": 4.016612111111107,
      "max_ms": 29.4827
    },
    "text.dynamic": {
      "count": 900,
      "total_ms": 1121.7709999999997,
      "avg_ms": 1.246412222222222,
      "max_ms": 9.034500000000001
    }
  }
}