{
  "phase": "encode_benchmark",
  "timestamp": "2026-04-25T03:06:54",
  "overlay_filename": "H:\\tools\\cyclemetry\\backend\\public\\encode_benchmark_1777079212.mov",
  "fps": 30.0,
  "width": 3840,
  "height": 2160,
  "total_frames": 10,
  "rendered_frames": 10,
  "total_time_taken": 1.189,
  "sample_frame_indices": [],
  "timings": {
    "buffer.acquire_wait": {
      "count": 10,
      "total_ms": 0.0114,
      "avg_ms": 0.00114,
      "max_ms": 0.0015
    },
    "buffer.release_wait": {
      "count": 10,
      "total_ms": 0.0205,
      "avg_ms": 0.00205,
      "max_ms": 0.0037
    },
    "encoder.queue_wait": {
      "count": 11,
      "total_ms": 475.27459999999996,
      "avg_ms": 43.20678181818182,
      "max_ms": 119.21610000000001
    },
    "ffmpeg.write": {
      "count": 10,
      "total_ms": 574.0473999999999,
      "avg_ms": 57.40473999999999,
      "max_ms": 356.288
    },
    "frame.synthetic": {
      "count": 10,
      "total_ms": 1045.0234999999998,
      "avg_ms": 104.50234999999998,
      "max_ms": 119.24210000000001
    },
    "frame.total": {
      "count": 10,
      "total_ms": 1045.205,
      "avg_ms": 104.5205,
      "max_ms": 119.2791
    },
    "queue.put_wait": {
      "count": 10,
      "total_ms": 0.0636,
      "avg_ms": 0.00636,
      "max_ms": 0.0106
    }
  }
}