{
  "phase": "encode_benchmark",
  "timestamp": "2026-04-25T03:10:23",
  "overlay_filename": "H:\\tools\\cyclemetry\\backend\\public\\encode_benchmark_1777079423.mov",
  "fps": 30.0,
  "width": 3840,
  "height": 2160,
  "total_frames": 3,
  "rendered_frames": 3,
  "total_time_taken": 0.243,
  "sample_frame_indices": [],
  "timings": {
    "buffer.acquire_wait": {
      "count": 3,
      "total_ms": 0.0017000000000000001,
      "avg_ms": 0.0005666666666666667,
      "max_ms": 0.0013
    },
    "buffer.release_wait": {
      "count": 3,
      "total_ms": 0.0185,
      "avg_ms": 0.006166666666666667,
      "max_ms": 0.0146
    },
    "encoder.queue_wait": {
      "count": 4,
      "total_ms": 0.0083,
      "avg_ms": 0.002075,
      "max_ms": 0.0058000000000000005
    },
    "ffmpeg.write": {
      "count": 3,
      "total_ms": 71.7204,
      "avg_ms": 23.9068,
      "max_ms": 33.0656
    },
    "frame.total": {
      "count": 3,
      "total_ms": 0.0276,
      "avg_ms": 0.0092,
      "max_ms": 0.0242
    },
    "prepare.synthetic_buffers": {
      "count": 1,
      "total_ms": 24.6081,
      "avg_ms": 24.6081,
      "max_ms": 24.6081
    },
    "queue.put_wait": {
      "count": 3,
      "total_ms": 0.005399999999999999,
      "avg_ms": 0.0017999999999999997,
      "max_ms": 0.005
    }
  }
}